TimeWhenAdded;VideoURL;Title;Description;Duration;SourceName;SourceLink
6/28/2019 10:14:05 AM;https://www.youtube.com/watch?v=91ZCL-4WWTw;VOICEFUL - Give voice to your ideas;;00:50;Product Hunt;https://www.producthunt.com/posts/voiceful
6/28/2019 11:18:38 AM;https://www.youtube.com/watch?v=JgUomX5uZpA;Cancel Background Noise During Calls with Krisp;;00:33;Krisp.ai;https://krisp.ai/
9/1/2019 2:12:19 PM;https://www.youtube.com/watch?v=8r4ozf5ertE;Timed-In Introduction Video;;01:03;Product Hunt;https://www.producthunt.com/posts/timed-in
9/1/2019 2:12:44 PM;https://www.youtube.com/watch?v=cwsVXmQlCtY;HYPEPLANNER Instagram Growth Service;;01:29;Product Hunt;https://www.producthunt.com/posts/hypeplanner
9/1/2019 2:13:20 PM;https://www.youtube.com/watch?v=iOsciQ1h5do;Geniani Air Purifier;;01:25;Product Hunt;https://www.producthunt.com/posts/geniani-air-purifier-with-hepa-filter
9/1/2019 2:15:51 PM;https://www.youtube.com/watch?v=rlH_sD_lpVE;The Spoke - Product Hunt;;00:43;Product Hunt;https://www.producthunt.com/posts/the-spoke-2
9/1/2019 2:17:10 PM;https://www.youtube.com/watch?v=BrUQOz8iNBg;FontKey Promo;;00:59;Product Hunt;https://www.producthunt.com/posts/fontkey
9/1/2019 2:17:25 PM;https://www.youtube.com/watch?v=Zd4XlczgJew;Product Hunt Launch Kit by Crello;;00:36;Product Hunt;https://www.producthunt.com/posts/product-hunt-launch-kit-by-crello
9/1/2019 2:18:10 PM;https://www.youtube.com/watch?v=3-hzKnmecK8;Homey - Start page on the web for Google Chrome;;01:36;Product Hunt;https://www.producthunt.com/posts/homey-4
9/1/2019 2:18:24 PM;https://www.youtube.com/watch?v=zP519mzKj4g;Iwahai Explainer Video;;00:38;Product Hunt;https://www.producthunt.com/posts/iwahai-map-audio-recorder
9/1/2019 2:21:19 PM;https://www.youtube.com/watch?v=DN7lRduwyG8;Onyx - The World's Smartest Digital Trainer;;01:25;Product Hunt;https://www.producthunt.com/posts/onyx-7
9/1/2019 2:21:33 PM;https://www.youtube.com/watch?v=vvlRklx_6WY;tooyoo.ch - presentation video V1.0 - EN;;01:20;Product Hunt;https://www.producthunt.com/posts/tooyoo-emergency-sheet
9/1/2019 2:21:47 PM;https://www.youtube.com/watch?v=Fyg2cU4WIB8;Voice Copilot on the App Store;;01:00;Product Hunt;https://www.producthunt.com/posts/voice-copilot
9/1/2019 2:22:03 PM;https://www.youtube.com/watch?v=pjvrm44Z_4I;TreeClicks - Chrome Shopping Extension;;00:32;Product Hunt;https://www.producthunt.com/posts/treeclicks
9/1/2019 2:22:18 PM;https://www.youtube.com/watch?v=S0fbZerTUjY;Fairphone 3: The phone that cares for people & planet;;01:00;Product Hunt;https://www.producthunt.com/posts/fairphone-3
9/1/2019 2:23:04 PM;https://www.youtube.com/watch?v=6hrgCkRA-0k;Calculus I | Outlier.org;;01:51;Product Hunt;https://www.producthunt.com/posts/college-calculus-i-outlier-org
9/1/2019 2:24:33 PM;https://www.youtube.com/watch?v=VXKQ61Nn0Dc;Why Choose Designed Film?;;02:08;Product Hunt;https://www.producthunt.com/posts/designed-film
9/1/2019 2:25:03 PM;https://www.youtube.com/watch?v=YkcYkH3HwOg;EatingHabits: Improve your eating habits!;;01:25;Product Hunt;https://www.producthunt.com/posts/eating-habits
9/1/2019 2:25:30 PM;https://www.youtube.com/watch?v=S0fbZerTUjY;Fairphone 3: The phone that cares for people & planet;;01:00;Product Hunt;https://www.producthunt.com/posts/fairphone-3-2
9/1/2019 2:25:44 PM;https://www.youtube.com/watch?v=7CThCRPDAS8;Changez;;00:33;Product Hunt;https://www.producthunt.com/posts/changez
9/1/2019 2:25:58 PM;https://www.youtube.com/watch?v=aGC4mjwQkd4;Coding for Kids - codeSpark Academy with The Foos;;02:10;Product Hunt;https://www.producthunt.com/posts/codespark-academy
9/1/2019 2:26:45 PM;https://www.youtube.com/watch?v=TDZTQ1JpsDw;Wondershare UniConverter (Wondershare Video Converter Ultimate Version 11);;01:13;Product Hunt;https://www.producthunt.com/posts/uniconverter
9/1/2019 2:26:59 PM;https://www.youtube.com/watch?v=XZY2L4LFKbw;1C:Drive - ERP for Small Businesses and Medium Enterprises. Scale Up Your Business with 1C:Drive.;;01:18;Product Hunt;https://www.producthunt.com/posts/1c-drive-small-business-erp
9/1/2019 2:27:13 PM;https://www.youtube.com/watch?v=UlCEURY3nZo;Platformly - All-In-One Tool For Your Business Marketing Automation;;00:36;Product Hunt;https://www.producthunt.com/posts/platformly
9/1/2019 2:27:58 PM;https://www.youtube.com/watch?v=A9LkDsLBKms;Let's Buy An Island;;02:00;Product Hunt;https://www.producthunt.com/posts/let-s-buy-an-island
9/1/2019 2:28:27 PM;https://www.youtube.com/watch?v=6TGhLE9r-mI;Xnip;;01:30;Product Hunt;https://www.producthunt.com/posts/xnip
9/1/2019 2:28:46 PM;https://www.youtube.com/watch?v=tywdvCHZTKI;Artpaper iOS Preview;;00:28;Product Hunt;https://www.producthunt.com/posts/artpaper-for-ios
9/1/2019 2:29:05 PM;https://www.youtube.com/watch?v=LpJmD5LF_F8;AutoGram by Headliner;;00:26;Product Hunt;https://www.producthunt.com/posts/autogram-by-headliner
9/1/2019 2:31:10 PM;https://www.youtube.com/watch?v=leTVcG4iY3Y;Overview - Frenalytics;;02:21;Product Hunt;https://www.producthunt.com/posts/frenalytics
9/1/2019 2:33:53 PM;https://www.youtube.com/watch?v=KuQtBvEfXwY;Here's the easiest way to grow your own food indoors at home;;02:00;Product Hunt;https://www.producthunt.com/posts/herbitat
9/1/2019 2:35:22 PM;https://www.youtube.com/watch?v=Ps0ayYVyO24;Pisces â™“ | Kinetic Art Lamp;;01:39;Product Hunt;https://www.producthunt.com/posts/pisces-kinetic-art-lamp
9/1/2019 2:35:34 PM;https://www.youtube.com/watch?v=3-hzKnmecK8;Homey - Start page on the web for Google Chrome;;01:36;Product Hunt;https://www.producthunt.com/posts/homey-3
9/1/2019 2:36:31 PM;https://www.youtube.com/watch?v=vbb2dN7GdkU;Glorify Early Adopter Promo 2019;;02:49;Product Hunt;https://www.producthunt.com/posts/glorify-2
9/1/2019 2:36:46 PM;https://www.youtube.com/watch?v=HxxkSpYpR-s;SuperCharger 2.0;;01:14;Product Hunt;https://www.producthunt.com/posts/supercharger-2-0
9/1/2019 2:37:12 PM;https://www.youtube.com/watch?v=chkpweFx6G4;mBot - Educational STEM Arduino Robot Kit for Kids and Beginners (Promotion Video);;02:13;Product Hunt;https://www.producthunt.com/posts/makeblock-mbot-v1-1-robot-kit
9/1/2019 2:37:40 PM;https://www.youtube.com/watch?v=d85r01iTuKk;Jobber: One tool to get more jobs, impress clients & get paid faster;;00:51;Product Hunt;https://www.producthunt.com/posts/jobber
9/1/2019 2:37:53 PM;https://www.youtube.com/watch?v=huz1dxfU9aQ;MatataLab - A new hands-on coding robot for kids ages 4 and up;;02:39;Product Hunt;https://www.producthunt.com/posts/matatalab-stem-coding-set
9/1/2019 2:38:06 PM;https://www.youtube.com/watch?v=haDnM_kLXHA;Google Ads Preview & Collaboration Tool - PPC Ad Editor;;01:08;Product Hunt;https://www.producthunt.com/posts/ppc-ad-editor-google-ads-preview-tool
9/1/2019 2:38:58 PM;https://www.youtube.com/watch?v=MELSzTpmH0c;Orfi Active - Discover and organise your sport;;00:28;Product Hunt;https://www.producthunt.com/posts/orfi-active
9/1/2019 2:39:11 PM;https://www.youtube.com/watch?v=EZU7dW9Bbs4;Chessplode (iPhone/Android);;00:30;Product Hunt;https://www.producthunt.com/posts/chessplode-surprisingly-fun-chess
9/1/2019 2:39:25 PM;https://www.youtube.com/watch?v=Uq8bdGTHrDU;Lemma - Auto captions and hashtags using AI;;01:16;Product Hunt;https://www.producthunt.com/posts/lemma-2
9/1/2019 2:39:52 PM;https://www.youtube.com/watch?v=HfGwYrhCsbs;Story Swag - Create stunning animated stories;;00:28;Product Hunt;https://www.producthunt.com/posts/story-swag
9/1/2019 2:40:05 PM;https://www.youtube.com/watch?v=HAZklwUmcbE;Amazing update to Jollycons icons just launched!;;00:23;Product Hunt;https://www.producthunt.com/posts/jollycons-v2
9/1/2019 2:41:10 PM;https://www.youtube.com/watch?v=jwZ_MIbuqrU;Content Circle Demo;;01:29;Product Hunt;https://www.producthunt.com/posts/content-circle-2
9/1/2019 2:42:41 PM;https://www.youtube.com/watch?v=TwzwjzG2tjw;The Belacam Shop â€” Buy Giftcards with Crypto;;00:50;Product Hunt;https://www.producthunt.com/posts/belacam-s-crypto-shop
9/1/2019 2:43:08 PM;https://www.youtube.com/watch?v=sTppBpAaOOI;Blastcast Explainer Video;;01:25;Product Hunt;https://www.producthunt.com/posts/blastcast
9/1/2019 2:43:21 PM;https://www.youtube.com/watch?v=S4SwxgjwUKc;Spider Pro Demo - Scraping Google;;00:17;Product Hunt;https://www.producthunt.com/posts/spider-pro
9/1/2019 2:44:05 PM;https://www.youtube.com/watch?v=6rQVYikWZ_Y;AstroPodMatch Astrology Dating and Horoscope Dates!;;00:40;Product Hunt;https://www.producthunt.com/posts/astropodmatch-horoscope-dating-app
9/1/2019 2:44:19 PM;https://www.youtube.com/watch?v=pD-Pt62dr_Q;Bravo Demand - Real Estate Internet Marketing Agency;;01:39;Product Hunt;https://www.producthunt.com/posts/bravo-demand
9/1/2019 2:44:32 PM;https://www.youtube.com/watch?v=lXqkUO7BV7M;How it Works;;00:30;Product Hunt;https://www.producthunt.com/posts/getsettledin-com
9/1/2019 2:45:09 PM;https://www.youtube.com/watch?v=hIi6H1WACso;Capture Tree;;01:20;Product Hunt;https://www.producthunt.com/posts/tree-2
9/1/2019 2:45:23 PM;https://www.youtube.com/watch?v=dI75vB2C4ko;TodoGit Trailer;;01:28;Product Hunt;https://www.producthunt.com/posts/todogit
9/1/2019 2:46:17 PM;https://www.youtube.com/watch?v=GLg4wibxHeo;Innstal (Manual Saver. Warranty Saver. Life Saver.);;01:07;Product Hunt;https://www.producthunt.com/posts/innstal
9/1/2019 2:46:33 PM;https://www.youtube.com/watch?v=5X5CEJ6qwL4;PanoSlice : Multiple post maker for Instagram;;00:40;Product Hunt;https://www.producthunt.com/posts/panoslice
9/1/2019 2:46:46 PM;https://www.youtube.com/watch?v=P9gpQOeGsCo;PDF Converter Promo;;00:33;Product Hunt;https://www.producthunt.com/posts/pdf-converter-2
9/1/2019 2:47:30 PM;https://www.youtube.com/watch?v=N0NFiIrNcqI;SmartMike+: True Wireless Stereo Mic for Content Creators;;02:47;Product Hunt;https://www.producthunt.com/posts/smartmike
9/1/2019 2:47:45 PM;https://www.youtube.com/watch?v=I92dOr0VSiw;Clodura - An Intelligent sales assistant for B2B sales;;01:47;Product Hunt;https://www.producthunt.com/posts/clodura-ai
9/1/2019 2:48:41 PM;https://www.youtube.com/watch?v=gI4n_rtcDpk;QuizÃ© - WP Quiz Plugin - Earn Money While Users Play Quizzes On Your Site;;00:55;Product Hunt;https://www.producthunt.com/posts/quize-plugin
9/1/2019 2:49:09 PM;https://www.youtube.com/watch?v=ZLSlk1-laws;Triplehint Demo;;03:12;Product Hunt;https://www.producthunt.com/posts/triplehint
9/1/2019 2:51:38 PM;https://www.youtube.com/watch?v=bpcH9FOU1AI;Stream - API for activity feeds and content discovery;;01:23;Product Hunt;https://www.producthunt.com/posts/stream-7de81bc6-b3c9-4af6-8ada-2e1e98bfeda9
9/1/2019 2:52:24 PM;https://www.youtube.com/watch?v=wIPZINzcH8g;Pricolo - Guitarists Community App;;00:35;Product Hunt;https://www.producthunt.com/posts/pricolo-guitarists
9/1/2019 2:53:20 PM;https://www.youtube.com/watch?v=xP2XtHDA0h0;Tab Sapce for Safari Demo;;00:34;Product Hunt;https://www.producthunt.com/posts/tab-space
9/1/2019 2:53:38 PM;https://www.youtube.com/watch?v=_a-CwYy7KZE;Utilis leak detection technology from space;;00:58;Product Hunt;https://www.producthunt.com/posts/utilis
9/1/2019 2:54:08 PM;https://www.youtube.com/watch?v=SpLLUEq8iQk;Free Live Chat by Dashly;;00:50;Product Hunt;https://www.producthunt.com/posts/dashly-live-chat-free
9/3/2019 9:17:29 AM;https://www.youtube.com/watch?v=E4Am9d0avaE;IPCamLive intro video;;01:16;Product Hunt;https://www.producthunt.com/posts/ipcamlive-com
9/3/2019 9:17:57 AM;https://www.youtube.com/watch?v=f53vZowtfmo;MAD Gaze GLOW: Lightweight & Stylish Mixed Reality Glasses for You;;01:02;Product Hunt;https://www.producthunt.com/posts/mad-gaze-glow-118-display-mr-glasses
9/3/2019 9:18:11 AM;https://www.youtube.com/watch?v=WTXOX9KrLi0;Lalaframe Video Greeting Cards;;02:25;Product Hunt;https://www.producthunt.com/posts/lalaframe
9/3/2019 9:18:40 AM;https://www.youtube.com/watch?v=WZoAo3EC2Go;Introducing Reciplay;;01:48;Product Hunt;https://www.producthunt.com/posts/reciplay
9/3/2019 9:20:38 AM;https://www.youtube.com/watch?v=mX1gSkIqQ1o;How to verify email addresses? Email Verifier Proofy.io, API Email Verification, Bulk Email Checker;;01:15;Product Hunt;https://www.producthunt.com/posts/proofy-2-0
9/3/2019 9:21:52 AM;https://www.youtube.com/watch?v=RMmF9X4epUU;Travel Planning and Organization Made Easy;;00:44;Product Hunt;https://www.producthunt.com/posts/planiversity
9/3/2019 9:22:53 AM;https://www.youtube.com/watch?v=1UMIsnZERv8;The Game Development social network;;01:08;Product Hunt;https://www.producthunt.com/posts/indiego-xyz
9/3/2019 9:25:13 AM;https://www.youtube.com/watch?v=Y7yGOhqaDoI;ContractZen - Your Digital Hub for Corporate Governance;;00:53;Product Hunt;https://www.producthunt.com/posts/contractzen
9/3/2019 9:25:27 AM;https://www.youtube.com/watch?v=cdvYFM6WgiU;Zebrunner. Solution for Running Multithreaded Tests against Web, API, Mobile apps;;01:35;Product Hunt;https://www.producthunt.com/posts/zebrunner
9/3/2019 9:25:43 AM;https://www.youtube.com/watch?v=v6BaCgwUmro;Thrive App - Goals, Ideas, Decisions;;01:10;Product Hunt;https://www.producthunt.com/posts/thrive-b91dd4e7-5dcd-425b-a78c-227ca7cbfe03
9/3/2019 9:26:14 AM;https://www.youtube.com/watch?v=rlH_sD_lpVE;The Spoke - Product Hunt;;00:43;Product Hunt;https://www.producthunt.com/posts/the-spoke-2-0
9/4/2019 8:40:13 AM;https://www.youtube.com/watch?v=ldsvtVRQCjA;Fusion3 F410 3D Printer - Product Overview;;02:16;Product Hunt;https://www.producthunt.com/posts/fusion3
9/4/2019 8:40:28 AM;https://www.youtube.com/watch?v=m83HmBeCcS4;The DiveIn app is here!;;00:30;Product Hunt;https://www.producthunt.com/posts/divein
9/4/2019 8:40:42 AM;https://www.youtube.com/watch?v=h-_AAApzjWY;Ohm App | Meditate Musically;;00:52;Product Hunt;https://www.producthunt.com/posts/ohm-app
9/4/2019 8:41:38 AM;https://www.youtube.com/watch?v=gkLwLtnWmp8;GISGRO 3D Asset Management Platform;;01:19;Product Hunt;https://www.producthunt.com/posts/gisgro
9/4/2019 8:41:51 AM;https://www.youtube.com/watch?v=h9iyz0w1cJo;Copyright your book for free - Poor Man's Copyright;;01:46;Product Hunt;https://www.producthunt.com/posts/poor-s-man-copyright
9/4/2019 8:42:05 AM;https://www.youtube.com/watch?v=lRwLbY24qMY;What is Call Tracking?;;01:36;Product Hunt;https://www.producthunt.com/posts/invox
9/4/2019 8:42:31 AM;https://www.youtube.com/watch?v=I9aKkLb-nrc;Polys;;02:27;Product Hunt;https://www.producthunt.com/posts/polys-2
9/4/2019 8:43:12 AM;https://www.youtube.com/watch?v=pSb1MtbYy0Y;Plant & Algae T Shirt;;00:08;Product Hunt;https://www.producthunt.com/posts/plant-and-algae-t-shirt
9/4/2019 8:43:24 AM;https://www.youtube.com/watch?v=GoobWRTMaPM;Video Hosting for Business : VdoCipher;;01:18;Product Hunt;https://www.producthunt.com/posts/vdocipher-secure-video-streaming
9/4/2019 8:43:53 AM;https://www.youtube.com/watch?v=TxIFRrmhNF8;New Innovative Product in Sports Technology - Playeasy 2019;;00:44;Product Hunt;https://www.producthunt.com/posts/playeasy
9/4/2019 8:44:07 AM;https://www.youtube.com/watch?v=PLBb0RQU1Z4;Introducing the Playeasy Marketplace 2019;;00:41;Product Hunt;https://www.producthunt.com/posts/playeasy
9/4/2019 8:44:23 AM;https://www.youtube.com/watch?v=7_B4DIt0epw;Filmtypes - Explore the world of analog film;;00:44;Product Hunt;https://www.producthunt.com/posts/filmtypes
9/4/2019 8:44:36 AM;https://www.youtube.com/watch?v=C2mzYWGlv3s;Shuttercase: The Ultimate iPhone Camera Case for Photographers;;01:04;Product Hunt;https://www.producthunt.com/posts/shuttercase-2-0
9/4/2019 8:45:00 AM;https://www.youtube.com/watch?v=ZxaT2P4-UpM;Textline: let customers text message your business;;02:23;Product Hunt;https://www.producthunt.com/posts/textline
9/4/2019 8:45:59 AM;https://www.youtube.com/watch?v=3x2pP9CsSMI;Mooney - Track Your Cryptocurrency Portfolio;;00:36;Product Hunt;https://www.producthunt.com/posts/mooney
9/5/2019 8:51:14 AM;https://www.youtube.com/watch?v=YlFG7Ndk8Vo;Fast Intro | Presence Stars | Simple Dashboard to create websites and manage leads!;;00:24;Product Hunt;https://www.producthunt.com/posts/presence-stars
9/5/2019 8:51:42 AM;https://www.youtube.com/watch?v=8goIngU_Kes;BookBuses.com Intro;;00:41;Product Hunt;https://www.producthunt.com/posts/bookbuses
9/5/2019 8:52:32 AM;https://www.youtube.com/watch?v=mPxOcmG9UUM;CD Scanner for Apple Music;;00:59;Product Hunt;https://www.producthunt.com/posts/cd-scanner-for-apple-music
9/5/2019 8:53:16 AM;https://www.youtube.com/watch?v=2I-JGLjQNhg;LennyBoard;;00:30;Product Hunt;https://www.producthunt.com/posts/lennyboard
9/5/2019 8:53:38 AM;https://www.youtube.com/watch?v=HbcxJbwXflc;Reservety - Rental Software and Online Store Builder;;01:20;Product Hunt;https://www.producthunt.com/posts/reservety
9/5/2019 8:53:59 AM;https://www.youtube.com/watch?v=ft2rsiz992E;InvizBox 2 and InvizBox 2 Pro;;02:18;Product Hunt;https://www.producthunt.com/posts/invizbox-2-2
9/5/2019 8:54:21 AM;https://www.youtube.com/watch?v=KVEXGOp06co;Bridgefy â€“ Connecting the Unconnected;;00:57;Product Hunt;https://www.producthunt.com/posts/bridgefy-3
9/5/2019 8:54:32 AM;https://www.youtube.com/watch?v=JtUiUKGR9xA;How does Bravon work?;;00:28;Product Hunt;https://www.producthunt.com/posts/bravon-business-gamification-platform
9/5/2019 8:54:55 AM;https://www.youtube.com/watch?v=v51kIJrLvx4;Instant Refunds by Cashfree;;00:20;Product Hunt;https://www.producthunt.com/posts/instant-refunds-by-cashfree
9/5/2019 8:55:17 AM;https://www.youtube.com/watch?v=ZTRQ6o7avxc;Todo Now;;00:26;Product Hunt;https://www.producthunt.com/posts/now-todo
9/5/2019 8:55:28 AM;https://www.youtube.com/watch?v=fp-_OkxtrhY;Welcome to Tweeig2.0;;01:03;Product Hunt;https://www.producthunt.com/posts/tweeig-2-0
9/5/2019 8:55:36 AM;https://www.youtube.com/watch?v=cQmADoEgVJ0;Pipedrive + CloudTalk Demo - Phone system integration;;01:56;Product Hunt;https://www.producthunt.com/posts/cloudtalk
9/5/2019 8:55:49 AM;https://www.youtube.com/watch?v=QLmXHV3uAh4;Hands-On With The VRGO Mini;;02:43;Product Hunt;https://www.producthunt.com/posts/vrgo-mini
9/5/2019 9:03:16 AM;https://www.youtube.com/watch?v=X-RW9jvwg9w;Find Jobs on Twitter | TweetJobs.dev;;01:05;Product Hunt;https://www.producthunt.com/posts/tweet-jobs
9/5/2019 9:03:29 AM;https://www.youtube.com/watch?v=V2MOXB9_MBU;MOFT X - Invisible and Foldaway Stand for Phone/Tablet;;02:36;Product Hunt;https://www.producthunt.com/posts/moft-x
9/5/2019 9:03:54 AM;https://www.youtube.com/watch?v=wnnF_0Ku_IA;Check SSL Configuration Status with SSL Checker Tool;;00:35;Product Hunt;https://www.producthunt.com/posts/ssl-checker-tool
9/5/2019 9:04:52 AM;https://www.youtube.com/watch?v=euVlD2UIOdQ;E-rim ad;;01:16;Product Hunt;https://www.producthunt.com/posts/e-rim-let-s-e-bike
9/6/2019 9:46:28 AM;https://www.youtube.com/watch?v=o8QM519TyP4;GiftPocket - Gift Card Wallet - Now Available in Apple App Store;;00:28;Product Hunt;https://www.producthunt.com/posts/giftpocket
9/6/2019 9:48:22 AM;https://www.youtube.com/watch?v=7BtO5mv03Aw;Palettes - Photo Editor;;00:37;Product Hunt;https://www.producthunt.com/posts/palettes-photo-editor
9/6/2019 9:50:00 AM;https://www.youtube.com/watch?v=oJtewzf4sf8;PoolTogether Introduction;;01:00;Product Hunt;https://www.producthunt.com/posts/pool-together-v2
9/6/2019 9:50:11 AM;https://www.youtube.com/watch?v=91Bu2MPolFI;PredicitionStrike Promo;;01:00;Product Hunt;https://www.producthunt.com/posts/predictionstrike
9/6/2019 9:50:22 AM;https://www.youtube.com/watch?v=1xX6TlfV7J0;E0: Hello World by IN GOOD HANDS;;02:11;Product Hunt;https://www.producthunt.com/posts/in-good-hands
9/6/2019 9:50:56 AM;https://www.youtube.com/watch?v=oJGbdQvc1Jg;Polls for LinkedIn quick intro;;00:34;Product Hunt;https://www.producthunt.com/posts/polls-for-linkedin
9/6/2019 9:51:08 AM;https://www.youtube.com/watch?v=chfu0UqO-I8;TrackMyLift - Save time tracking your gym workouts;;01:15;Product Hunt;https://www.producthunt.com/posts/trackmylift
9/6/2019 9:51:31 AM;https://www.youtube.com/watch?v=KP-y2hHS9CE;Introduction to After Effects and Lottie in Webflow;;01:19;Product Hunt;https://www.producthunt.com/posts/after-effects-lottie-in-webflow
9/6/2019 9:51:42 AM;https://www.youtube.com/watch?v=bJOOWFo3fhE;SummitSync: Connect, Converse, Convert;;01:05;Product Hunt;https://www.producthunt.com/posts/summitsync-2
9/6/2019 10:27:42 AM;https://www.youtube.com/watch?v=ZT1nfjybbKs;Contractbook - The AMS to rule them all;;01:16;MAQTOOB;https://maqtoob.com/tool/contractbook
9/7/2019 8:23:20 AM;https://www.youtube.com/watch?v=mwugvv7CKGo;User-friendly conversational AI software for building great customer interactions v2;;01:44;Product Hunt;https://www.producthunt.com/posts/boost-ai
9/7/2019 8:26:42 AM;https://www.youtube.com/watch?v=UY_rGdSvRdc;Add An Inch Tool Infomercial;;01:00;Product Hunt;https://www.producthunt.com/posts/add-an-inch
9/7/2019 8:27:07 AM;https://www.youtube.com/watch?v=7Cs5x_Contk;Book Appointments in Setmore, Take Payments with Square;;01:05;Product Hunt;https://www.producthunt.com/posts/setmore-2
9/7/2019 8:27:32 AM;https://www.youtube.com/watch?v=DtshTjT8eTI;Londri App Intro - Fresh Cloths, Fresh Life;;01:05;Product Hunt;https://www.producthunt.com/posts/londri
9/8/2019 9:14:00 AM;https://www.youtube.com/watch?v=GTdB8wSHEB4;Threema: Your private life is valuable. Donâ€™t pay with your data;;00:30;Product Hunt;https://www.producthunt.com/posts/threema-3
9/8/2019 9:14:12 AM;https://www.youtube.com/watch?v=yxxQX9dAwKs;Balance - Meditation that adapts to you;;01:00;Product Hunt;https://www.producthunt.com/posts/balance-meditation
9/9/2019 8:38:10 AM;https://www.youtube.com/watch?v=f3uVIBaCbf0;Mammalo - How it Works;;01:00;Product Hunt;https://www.producthunt.com/posts/mammalo
9/9/2019 8:38:21 AM;https://www.youtube.com/watch?v=kWH0bB9JcWE;SuperPersonal;;01:27;Product Hunt;https://www.producthunt.com/posts/superpersonal
9/10/2019 4:26:48 PM;https://www.youtube.com/watch?v=EjNxWhBiPBQ;Co-Create: We Started in LA;;02:45;Product Hunt;https://www.producthunt.com/posts/inspired-social-good-misfits
9/10/2019 4:27:14 PM;https://www.youtube.com/watch?v=W6NjW2Jr6YA;JumpStory explained in 60 seconds;;00:54;Product Hunt;https://www.producthunt.com/posts/jumpstory
9/10/2019 4:28:05 PM;https://www.youtube.com/watch?v=o3y6XNe-Sig;Conversions by FullStory;;01:50;Product Hunt;https://www.producthunt.com/posts/conversions-by-fullstory
9/10/2019 4:28:55 PM;https://www.youtube.com/watch?v=4lKxedmcu-A;Inyo Personal Assistant for freelancers;;01:52;Product Hunt;https://www.producthunt.com/posts/inyo
9/10/2019 4:29:59 PM;https://www.youtube.com/watch?v=uvwqbFDcIWk;Camect - The Smart and Affordable Camera Hub.;;01:58;Product Hunt;https://www.producthunt.com/posts/camect
9/10/2019 4:31:01 PM;https://www.youtube.com/watch?v=kpB2QAdx1xQ;CLOUDMED iCARE- promotional video;;01:46;Product Hunt;https://www.producthunt.com/posts/icare-your-health-pocket-assistant
9/10/2019 4:33:18 PM;https://www.youtube.com/watch?v=5wgXAwRwcyE;Carts Guru;;01:50;Product Hunt;https://www.producthunt.com/posts/carts-guru-2
9/10/2019 4:33:30 PM;https://www.youtube.com/watch?v=jJzaSwTp9Vc;Froala Pages Demo;;01:16;Product Hunt;https://www.producthunt.com/posts/froala-pages-3
9/11/2019 8:43:43 AM;https://www.youtube.com/watch?v=9QdDNMrdLmk;WSLTTS vs Real Voices;;01:00;Product Hunt;https://www.producthunt.com/posts/wellsaid-labs
9/11/2019 8:44:05 AM;https://www.youtube.com/watch?v=Up8jGCYmmoE;Tradogram Overview;;02:00;Product Hunt;https://www.producthunt.com/posts/tradogram
9/11/2019 8:46:02 AM;https://www.youtube.com/watch?v=ePnYGQX0Lf8;Proof & Sell Photos with WordPress;;00:46;Product Hunt;https://www.producthunt.com/posts/nextgen-gallery-pro
9/11/2019 8:46:21 AM;https://www.youtube.com/watch?v=A78t_eLlE3w;Reel Paper;;01:01;Product Hunt;https://www.producthunt.com/posts/reel-2
9/11/2019 8:46:52 AM;https://www.youtube.com/watch?v=JaRAKQHFsbM;Introducing the Polaroid Lab;;01:00;Product Hunt;https://www.producthunt.com/posts/the-polaroid-lab
9/12/2019 10:14:29 AM;https://www.youtube.com/watch?v=x3ioeP_3l6M;Tooth. | Kickstarter Campaign;;02:04;Product Hunt;https://www.producthunt.com/posts/tooth
9/12/2019 10:14:42 AM;https://www.youtube.com/watch?v=oTUHFRF8HSo;Lysten Interactive Commercial;;01:06;Product Hunt;https://www.producthunt.com/posts/lysten-mobile-app
9/12/2019 10:15:08 AM;https://www.youtube.com/watch?v=zRI1O-eiwZ0;MyShiftWork - Simple Calendar App For Shift Workers;;00:23;Product Hunt;https://www.producthunt.com/posts/myshiftwork
9/12/2019 10:16:26 AM;https://www.youtube.com/watch?v=qy3WkFMlUIg;Discover the perfect music for your videos | Cyanite PLAY;;00:36;Product Hunt;https://www.producthunt.com/posts/cyanite-play
9/12/2019 10:17:29 AM;https://www.youtube.com/watch?v=pHqVy1u8jW4;Elin - AI-driven engagement tracker and coach for Slack-based teams;;01:57;Product Hunt;https://www.producthunt.com/posts/elin-ai-2-0
9/12/2019 10:17:58 AM;https://www.youtube.com/watch?v=C52-NTEk1jU;MadKudu for Zapier;;01:44;Product Hunt;https://www.producthunt.com/posts/madkudu-for-zapier
9/12/2019 10:18:39 AM;https://www.youtube.com/watch?v=Uz0_wf6Yw6I;Uplisting | Get Started Now;;01:42;Product Hunt;https://www.producthunt.com/posts/uplisting
9/12/2019 10:19:07 AM;https://www.youtube.com/watch?v=NTuMTANXL8c;DNS Changer - Change DNS Without Root (Wifi/3G/4G);;00:20;Product Hunt;https://www.producthunt.com/posts/dns-changer-smart-ads-blocking
9/13/2019 9:37:35 AM;https://www.youtube.com/watch?v=WPuYnLfuiXU;Hourglass Introductory Video;;00:27;Product Hunt;https://www.producthunt.com/posts/hourglass-data-marketing-for-startups
9/13/2019 9:37:48 AM;https://www.youtube.com/watch?v=oQcws4-yAbE;Create Your Own Website in Minutes with Siteupp.com The Easiest Website Builder Online!;;00:58;Product Hunt;https://www.producthunt.com/posts/siteupp
9/13/2019 9:38:11 AM;https://www.youtube.com/watch?v=85Ue7iwGdKk;PrivacySafe: The Anti-Cloud;;02:52;Product Hunt;https://www.producthunt.com/posts/privacysafe
9/13/2019 9:39:12 AM;https://www.youtube.com/watch?v=I9zxErztWIU;Introduction to ReferralMagic;;02:06;Product Hunt;https://www.producthunt.com/posts/referralmagic-2bec1005-cd0f-4ad2-97c2-a1fa3866a480
9/13/2019 9:39:27 AM;https://www.youtube.com/watch?v=ucyWKZtKWZM;What is Aware? | Aware - Daily Habit Tracker;;00:24;Product Hunt;https://www.producthunt.com/posts/aware-6
9/13/2019 9:39:40 AM;https://www.youtube.com/watch?v=ICe7d4IiyrQ;Signal by Drafted Chrome Extension;;01:06;Product Hunt;https://www.producthunt.com/posts/signal-by-drafted
9/13/2019 9:40:18 AM;https://www.youtube.com/watch?v=rQaLBUT8JHw;Dreem 2 - Sleep Clinic. Reinvented.;;01:16;Product Hunt;https://www.producthunt.com/posts/dreem-2-2
9/13/2019 9:40:30 AM;https://www.youtube.com/watch?v=_4sg24lzQcs;Dreem 2: How can it improve your sleep?;;02:35;Product Hunt;https://www.producthunt.com/posts/dreem-2-2
9/13/2019 9:40:54 AM;https://www.youtube.com/watch?v=0aWRENI2OTU;Serpstat Website SEO Checker 3.1.0;;00:50;Product Hunt;https://www.producthunt.com/posts/serpstat-website-seo-checker
9/13/2019 9:41:37 AM;https://www.youtube.com/watch?v=bJOOWFo3fhE;SummitSync: Connect, Converse, Convert;;01:05;Product Hunt;https://www.producthunt.com/posts/summitsync-meeting-automation-platform
9/13/2019 9:42:21 AM;https://www.youtube.com/watch?v=v6KsiexGrg0;WorkBright Overview;;02:05;Product Hunt;https://www.producthunt.com/posts/workbright
9/13/2019 10:23:21 AM;https://www.youtube.com/watch?v=tRWbfLl87RI;Spirit â€“ The ultimate tool to create high-quality animations directly in the browser.;;01:17;MAQTOOB;https://maqtoob.com/tool/spirit
9/14/2019 1:02:41 PM;https://www.youtube.com/watch?v=-uaKhck8XXA;Checkmate: Educator's Toolkit;;00:30;Product Hunt;https://www.producthunt.com/posts/checkmate-educator-s-toolkit
9/14/2019 1:02:52 PM;https://www.youtube.com/watch?v=RoNEeTPktGQ;Smart Table Tennis Robot;;02:33;Product Hunt;https://www.producthunt.com/posts/ping-ping-robot
9/14/2019 1:03:05 PM;https://www.youtube.com/watch?v=n1SLrNgpeRI;STACKS | PropTech That ALL Realtors Need to Succeed!;;01:00;Product Hunt;https://www.producthunt.com/posts/stacks-real-estate-tech
9/14/2019 1:04:39 PM;https://www.youtube.com/watch?v=4LpiV_BPZdY;Encompass - Brush Smarter, Better & Faster;;01:56;Product Hunt;https://www.producthunt.com/posts/encompass
9/14/2019 1:05:03 PM;https://www.youtube.com/watch?v=hehW4FpCBK8;About Meditation.Live;;00:28;Product Hunt;https://www.producthunt.com/posts/meditation-live
9/15/2019 1:44:14 PM;https://www.youtube.com/watch?v=ik3lT2Cn6p8;How to drink water on time ? Do you forget to drink water on time ?;;01:05;Product Hunt;https://www.producthunt.com/posts/drink-water-reminder-water-track
9/19/2019 10:38:41 AM;https://www.youtube.com/watch?v=LwY4I5Km5r8;Raketa Hub - promotional video;;00:35;Product Hunt;https://www.producthunt.com/posts/raketa-hub
9/19/2019 10:38:56 AM;https://www.youtube.com/watch?v=FRZv61dmtmU;Welcome to Order Desk!;;00:47;Product Hunt;https://www.producthunt.com/posts/order-desk
9/19/2019 10:40:00 AM;https://www.youtube.com/watch?v=JspkuwLloGQ;SaaS Marketing Strategies;;02:33;Product Hunt;https://www.producthunt.com/posts/whalepages-saas-growth-machine
9/19/2019 10:40:24 AM;https://www.youtube.com/watch?v=qY7H55iABdw;Zen 8: Music for Stories;;00:30;Product Hunt;https://www.producthunt.com/posts/zen-8-music-for-stories
9/19/2019 10:40:47 AM;https://www.youtube.com/watch?v=hsWSjRLHphQ;Ready for Remote Platform (Alpha Preview);;01:02;Product Hunt;https://www.producthunt.com/posts/ready-for-remote
9/19/2019 10:41:11 AM;https://www.youtube.com/watch?v=ZEGbdzOfTgs;SearchBlox SearchAI SmartSuggest;;00:59;Product Hunt;https://www.producthunt.com/posts/searchai-smartsuggest
9/19/2019 10:41:23 AM;https://www.youtube.com/watch?v=ElfdBGAeEbY;Create Your Own AR Business Card;;00:33;Product Hunt;https://www.producthunt.com/posts/ar-business-cards
9/19/2019 10:44:31 AM;https://www.youtube.com/watch?v=Maz0TVyTwiw;Descript Podcast Studio;;02:43;Product Hunt;https://www.producthunt.com/posts/descript-podcast-studio
9/19/2019 10:45:27 AM;https://www.youtube.com/watch?v=vo0H48eyVLU;Lens by DSMN8 - The Employee Content Creation Solution;;01:18;Product Hunt;https://www.producthunt.com/posts/lens-by-dsmn8
9/19/2019 10:45:54 AM;https://www.youtube.com/watch?v=hXxAq4qPZMo;Meetfox Intro;;01:00;Product Hunt;https://www.producthunt.com/posts/meetfox
9/19/2019 10:47:27 AM;https://www.youtube.com/watch?v=5GB-deMw5wA;The New Karmic OSLO;;01:55;Product Hunt;https://www.producthunt.com/posts/karmic-oslo
9/19/2019 10:48:22 AM;https://www.youtube.com/watch?v=qH3iRlZQ_xo;ðŸŽ“Notion is free for students & teachers;;02:51;Product Hunt;https://www.producthunt.com/posts/notion-for-students
9/19/2019 10:49:04 AM;https://www.youtube.com/watch?v=Ussr7cZFtms;"VideoValidate (""VV"") Explainer Video";;02:35;Product Hunt;https://www.producthunt.com/posts/videovalidate-2
9/19/2019 10:50:12 AM;https://www.youtube.com/watch?v=ec9IKQciYVI;Introducing Local RankFlux - The Only Algorithm Detection Tool for Local Rankings;;02:07;Product Hunt;https://www.producthunt.com/posts/local-rankflux
9/19/2019 10:50:50 AM;https://www.youtube.com/watch?v=LsuoGN0K2uQ;Beekeeper: workplace collaboration for frontline employees;;00:31;Product Hunt;https://www.producthunt.com/posts/beekeeper-2
9/19/2019 10:52:04 AM;https://www.youtube.com/watch?v=YiFo0whkT-4;Introducing - Due.work â€“ Todo, Tasks, Project Management & Team Communication;;00:50;Product Hunt;https://www.producthunt.com/posts/due-work
9/19/2019 10:55:49 AM;https://www.youtube.com/watch?v=B0gIGft2SAo;Introducing Monogram: A Modular Productivity Tool For Creative Pros;;01:56;Product Hunt;https://www.producthunt.com/posts/monogram-creative-console
9/19/2019 10:56:15 AM;https://www.youtube.com/watch?v=3Wh_dtJna3w;ROCKUBOT | Unique Bacteria & Mites Eliminating Robot;;02:35;Product Hunt;https://www.producthunt.com/posts/rockubot-bacteria-eliminating-robot
9/19/2019 11:01:31 AM;https://www.youtube.com/watch?v=h2_Ovm94wqg;Billy Joel: Music Traveler makes music easy;;00:30;Product Hunt;https://www.producthunt.com/posts/music-traveler
9/20/2019 10:23:12 AM;https://www.youtube.com/watch?v=4zRQb8yLMYk;isitfit 0.4.2 MVP video for YC;;02:07;Product Hunt;https://www.producthunt.com/posts/isitfit
9/20/2019 10:24:50 AM;https://www.youtube.com/watch?v=C2oq4e9ZMOc;Remote access to your machines | IXON;;01:23;Product Hunt;https://www.producthunt.com/posts/iiot-platform-for-machine-builders
9/20/2019 10:26:52 AM;https://www.youtube.com/watch?v=51uu2tnzHag;Google Shopping: How it Works;;01:04;Product Hunt;https://www.producthunt.com/posts/google-shopping
9/21/2019 11:46:51 AM;https://www.youtube.com/watch?v=EOItnWvl_4I;Meet SYD;;01:47;Product Hunt;https://www.producthunt.com/posts/iamyiam
9/21/2019 11:47:50 AM;https://www.youtube.com/watch?v=aNSm5TGVpf4;Ayoa - Out Now;;02:05;Product Hunt;https://www.producthunt.com/posts/ayoa
9/21/2019 12:27:50 AM;https://www.youtube.com/watch?v=Y2fSaszm_1s;Good Gantt - The Best Gantt Chart for Trello;;01:21;Betalist;https://betalist.com/startups/goodgantt
9/21/2019 12:31:50 AM;https://www.youtube.com/watch?v=Wsep-t98z5E;SmartTask â€“ Manage your teamwork with ease and increase productivity by 40%;;01:41;Betalist;https://betalist.com/startups/smarttask
9/22/2019 9:52:54 AM;https://www.youtube.com/watch?v=rmUL-e2Qtqo;Paperang P2S Phone Printer;;02:20;Product Hunt;https://www.producthunt.com/posts/paperang-p2s
9/24/2019 8:49:36 AM;https://www.youtube.com/watch?v=SAP8SqBSvGA;Volunteer World - Corporate Video - Image Film;;02:57;Product Hunt;https://www.producthunt.com/posts/volunteer-world
9/24/2019 8:50:50 AM;https://www.youtube.com/watch?v=zWAsNhrt_i4;How Hiver makes collaboration on shared inboxes easier;;01:09;Product Hunt;https://www.producthunt.com/posts/hiver-2-0
9/25/2019 11:08:39 AM;https://www.youtube.com/watch?v=OxvS3cqEucE;Gear Focus â€“ The Online Photo & Video Marketplace;;00:43;Product Hunt;https://www.producthunt.com/posts/gear-focus
9/25/2019 11:09:39 AM;https://www.youtube.com/watch?v=QwDDl389KRc;Welcome to W3lcome!;;01:31;Product Hunt;https://www.producthunt.com/posts/w3lcome-visitor-management-system
9/25/2019 11:12:01 AM;https://www.youtube.com/watch?v=H3ymvQJyLw4;What is PaymentX?;;01:02;Product Hunt;https://www.producthunt.com/posts/paymentx
9/25/2019 11:12:19 AM;https://www.youtube.com/watch?v=MmmyIvvwx8M;Welcome to InVision Design System Manager;;02:34;Product Hunt;https://www.producthunt.com/posts/invision-dsm
9/25/2019 11:14:35 AM;https://www.youtube.com/watch?v=eN9WaPO_W2o;KOALA by HANGTIME;;02:47;Product Hunt;https://www.producthunt.com/posts/koala-super-grip-phone-harness
9/25/2019 11:14:47 AM;https://www.youtube.com/watch?v=PBH-sG_l8Vk;SaaSBox - Launch a productized subscription service in less than 1 hour. https://saasbox.net;;00:57;Product Hunt;https://www.producthunt.com/posts/saasbox
9/25/2019 11:15:22 AM;https://www.youtube.com/watch?v=UgeIz3OAOLI;PocketDrum: Extremely easy setup with no installment required;;02:04;Product Hunt;https://www.producthunt.com/posts/pocket-drum
9/26/2019 11:56:31 AM;https://www.youtube.com/watch?v=Is8eXZco46Q;Welcome to Facebook Horizon;;01:32;Product Hunt;https://www.producthunt.com/posts/facebook-horizon
9/26/2019 11:59:17 AM;https://www.youtube.com/watch?v=iSuZsRc58o0;Fridge Eye - Indiegogo Campaign Video;;01:49;Product Hunt;https://www.producthunt.com/posts/fridge-eye
9/26/2019 11:59:52 AM;https://www.youtube.com/watch?v=gualdGlCwNg;All New SCORPION from Juiced Bikes;;02:50;Product Hunt;https://www.producthunt.com/posts/juiced-scorpion
9/26/2019 12:00:17 PM;https://www.youtube.com/watch?v=uCjOWPV_v9c;Learn Blockchain & Beyond With The Blockchain School!;;01:34;Product Hunt;https://www.producthunt.com/posts/the-blockchain-school
9/26/2019 12:00:29 PM;https://www.youtube.com/watch?v=Y8iQJOjw4S4;AIY Projects: DIY AI for Makers - The Vision Kit;;02:13;Product Hunt;https://www.producthunt.com/posts/google-aiy-vision-kit
9/26/2019 12:02:49 PM;https://www.youtube.com/watch?v=BLM_sjgABtE;Voice Control PC games, Drones & Bots;;02:06;Product Hunt;https://www.producthunt.com/posts/voice-control-dongle
9/27/2019 10:32:00 AM;https://www.youtube.com/watch?v=Lr0LuIEz2nM;Zapmarks;;01:33;Product Hunt;https://www.producthunt.com/posts/zapmarks
9/27/2019 10:32:57 AM;https://www.youtube.com/watch?v=j-2em7-U0Ho;EarlyBrd How to get instant UpWork Alerts;;02:23;Product Hunt;https://www.producthunt.com/posts/earlybrd
9/27/2019 10:33:47 AM;https://www.youtube.com/watch?v=ODLPv7JWdvI;"Ummah; all-in-one Muslim platform, including Halal Shopping!";;01:30;Product Hunt;https://www.producthunt.com/posts/ummah-muslim-app
9/27/2019 10:34:31 AM;https://www.youtube.com/watch?v=XLWduO1hBRA;Motion Array Extension for Adobe;;00:45;Product Hunt;https://www.producthunt.com/posts/motion-array-extension-for-adobe
9/27/2019 10:34:42 AM;https://www.youtube.com/watch?v=brJ63uNoMZw;BUIDL for Ethereum Classic (ETC) | Blockchain programming;;02:48;Product Hunt;https://www.producthunt.com/posts/buidl-for-ethereum-classic-etc
9/27/2019 10:34:53 AM;https://www.youtube.com/watch?v=DoOVXl9YwiU;Introducing BadJupiter;;01:38;Product Hunt;https://www.producthunt.com/posts/badjupiter
9/28/2019 2:45:40 PM;https://www.youtube.com/watch?v=mdgxOK9bXHQ;PelicanStand - The most versatile book | tablet | laptop stand ever;;02:48;Product Hunt;https://www.producthunt.com/posts/the-pelican-stand
9/28/2019 3:15:40 PM;https://www.youtube.com/watch?v=JgUomX5uZpA;Cancel Background Noise During Calls with Krisp;;00:33;MAQTOOB;https://maqtoob.com/tool/krisp
9/30/2019 9:49:27 AM;https://www.youtube.com/watch?v=BxgDy5JpgUw;C2 Management Worlds Greatest Electronics Recycler;;04:00;Product Hunt;https://www.producthunt.com/posts/c2-management
10/1/2019 11:17:14 AM;https://www.youtube.com/watch?v=C3I-9Mgagpc;LabLog: Lab Notes. The Clever Way.;;02:52;Product Hunt;https://www.producthunt.com/posts/lablog
10/1/2019 11:17:27 AM;https://www.youtube.com/watch?v=haDnM_kLXHA;Google Ads Campaign Preview & Collaboration Tool - PPC Ad Editor;;01:08;Product Hunt;https://www.producthunt.com/posts/ppc-ad-editor-1
10/1/2019 11:17:51 AM;https://www.youtube.com/watch?v=naVBBZUkavg;Cloud Devs: Hire top 5% European developers Online;;01:01;Product Hunt;https://www.producthunt.com/posts/cloud-devs
10/1/2019 11:18:55 AM;https://www.youtube.com/watch?v=M1WoZt1QYn4;RealtyBundles | Global Property Crowdfunding Platform;;01:41;Product Hunt;https://www.producthunt.com/posts/realtybundles
10/1/2019 11:19:06 AM;https://www.youtube.com/watch?v=XiFvjfR_WTI;Introducing WunderWP: Styles for Elementor;;01:05;Product Hunt;https://www.producthunt.com/posts/wunderwp
10/1/2019 11:20:03 AM;https://www.youtube.com/watch?v=Mj4y1TfDbDI;What is Commandeer?;;01:03;Product Hunt;https://www.producthunt.com/posts/commandeer-2
10/2/2019 11:55:14 AM;https://www.youtube.com/watch?v=2FW8YTlZnqw;How To Change A Law and Get Your Voice Heard;;00:55;Product Hunt;https://www.producthunt.com/posts/free-books-how-to-change-a-law-sway
10/2/2019 11:55:55 AM;https://www.youtube.com/watch?v=K8W_T3sYcU4;The better way to save money online - Dealhack extension;;00:59;Product Hunt;https://www.producthunt.com/posts/dealhack
10/2/2019 11:57:29 AM;https://www.youtube.com/watch?v=4qpZGZfo3b4;The Future of Documents - PandaDoc;;01:13;Product Hunt;https://www.producthunt.com/posts/pandadoc-2
10/2/2019 11:57:44 AM;https://www.youtube.com/watch?v=NpLiJe8tTzg;Zakeke - Presentation english version;;01:46;Product Hunt;https://www.producthunt.com/posts/zakeke-online-product-customizer
10/2/2019 11:58:38 AM;https://www.youtube.com/watch?v=oueXFLdPDdY;Katalon Introduction - A Complete Automated Testing Solution;;01:33;Product Hunt;https://www.producthunt.com/posts/katalon-studio
10/2/2019 12:00:13 PM;https://www.youtube.com/watch?v=8e0gRV9UhA8;Cognitive Automation Use Cases;;02:24;Product Hunt;https://www.producthunt.com/posts/cognitive-automation-for-the-usa-trade
10/2/2019 12:02:15 PM;https://www.youtube.com/watch?v=bIanRQ3MUL8;World's First Foldable Smart Bike Lock - ZiiLock - Fingerprint Keyless Entry Ã— Theft Alert;;02:54;Product Hunt;https://www.producthunt.com/posts/ziilock
10/2/2019 12:05:45 PM;https://www.youtube.com/watch?v=Y2K1I9GXYko;FREE: Happy Birthday eCards, Funny Christmas eCards, Mother's Day eCards, & Holiday Greeting eCards;;01:04;Product Hunt;https://www.producthunt.com/posts/free-gmail-ecards-by-cloudhq
10/2/2019 12:05:59 PM;https://www.youtube.com/watch?v=U9mPOj-kIic;SutiAP - Accounts Payable (AP) Automation Software;;01:56;Product Hunt;https://www.producthunt.com/posts/sutiap-accounts-payable-software
10/3/2019 3:45:01 PM;https://www.youtube.com/watch?v=uxWMire5Fr0;Automated SMS Appointment Reminders with Google Calendar.;;02:21;Product Hunt;https://www.producthunt.com/posts/greminders
10/3/2019 3:45:13 PM;https://www.youtube.com/watch?v=FWPUzsudSMQ;A/B Testing YouTube Videos;;01:15;Product Hunt;https://www.producthunt.com/posts/filmhope
10/3/2019 3:45:39 PM;https://www.youtube.com/watch?v=Aa7mrKQo9f0;Introducing: My Flight Pack;;01:10;Product Hunt;https://www.producthunt.com/posts/my-flight-pack
10/3/2019 3:49:21 PM;https://www.youtube.com/watch?v=ubejtJZAP_s;What is Magalix KubeAdvisor?;;01:00;Product Hunt;https://www.producthunt.com/posts/kubeadvisor
10/4/2019 12:07:15 PM;https://www.youtube.com/watch?v=Bn1PSMuPzDs;Meet the African Penguins | Airbnb Experiences | Airbnb;;00:34;Product Hunt;https://www.producthunt.com/posts/animals-on-airbnb-experiences
10/4/2019 12:08:35 PM;https://www.youtube.com/watch?v=ma-iSo0hHYM;NuFlo - Wireless ANC (Active Noise Cancelling) Earphones;;02:37;Product Hunt;https://www.producthunt.com/posts/nuflo-active-noise-cancelling-earphones
10/4/2019 12:09:10 PM;https://www.youtube.com/watch?v=gNjTregm6iA;Meet Roast;;01:08;Product Hunt;https://www.producthunt.com/posts/roast-workplace-comfort-surveys
10/5/2019 1:56:56 PM;https://www.youtube.com/watch?v=cOlqfE6hrBQ;Welcome to the Candide app!;;01:24;Product Hunt;https://www.producthunt.com/posts/candide
10/5/2019 1:57:20 PM;https://www.youtube.com/watch?v=TUkLg5f37p0;Introducing Dolomite - The smoothest DEX experience yet;;01:19;Product Hunt;https://www.producthunt.com/posts/dolomite
10/5/2019 1:58:03 PM;https://www.youtube.com/watch?v=bz_n_tWD5oc;About Eterneva ðŸ’Ž;;02:38;Product Hunt;https://www.producthunt.com/posts/eterneva-memorial-diamond
10/6/2019 12:37:25 PM;https://www.youtube.com/watch?v=NOOdf8iJQdY;Customer Reviews to Boost Business Revenue - Graz me;;02:10;Product Hunt;https://www.producthunt.com/posts/graz-me-customer-reviews-platform
10/6/2019 13:03:25 PM;https://www.youtube.com/watch?v=TFRpyGi7odQ;Boost Your Productivity with Wolf Flow;;00:55;MAQTOOB;https://maqtoob.com/tool/wolf-flow
10/8/2019 12:29:45 PM;https://www.youtube.com/watch?v=i2wVUgoGzsg;Siesta Cloud - Explainer;;02:08;Product Hunt;https://www.producthunt.com/posts/siesta-cloud
10/8/2019 12:32:29 PM;https://www.youtube.com/watch?v=uaz_f_88keE;B2B Lead Generation | MIRAGET - What is MiragetLeads?;;01:02;Product Hunt;https://www.producthunt.com/posts/miraget-b2b-lead-generation
10/8/2019 12:33:12 PM;https://www.youtube.com/watch?v=2TtYlty-M5g;RAWGraphs - Introduction;;01:24;Product Hunt;https://www.producthunt.com/posts/rawgraphs-2-0
10/9/2019 8:58:17 AM;https://www.youtube.com/watch?v=dmZR6GVq5Dk;Discover the new Crisp 3;;02:00;Product Hunt;https://www.producthunt.com/posts/crisp-3-0-2
10/9/2019 8:58:30 AM;https://www.youtube.com/watch?v=RGCNW2KOtIE;Swytch - Your bike, Electric. The world's smallest & lightest eBike Kit;;02:31;Product Hunt;https://www.producthunt.com/posts/swytch-2
10/9/2019 8:58:42 AM;https://www.youtube.com/watch?v=J_6qWrI4q-s;Swytch - Now Live on Indiegogo;;00:31;Product Hunt;https://www.producthunt.com/posts/swytch-2
10/9/2019 8:59:20 AM;https://www.youtube.com/watch?v=x9M1iT5XYvQ;Aerate for macOS - The ultimate Mac image compression tool;;01:40;Product Hunt;https://www.producthunt.com/posts/aerate-for-macos
10/9/2019 8:59:57 AM;https://www.youtube.com/watch?v=-Swz19LHLYU;Drawing Prompts Generator by Dave Birss | Product Hunt Explainer;;02:53;Product Hunt;https://www.producthunt.com/posts/drawing-prompts-generator
10/9/2019 9:00:22 AM;https://www.youtube.com/watch?v=5JqFCTXT-PI;Serene: The App For Laser Focus;;01:31;Product Hunt;https://www.producthunt.com/posts/serene-f25ac3a9-1910-42c7-8ec4-c24acf3a8331
10/10/2019 12:08:43 PM;https://www.youtube.com/watch?v=U-OV1cYImOs;Viewpt NANO;;01:46;Product Hunt;https://www.producthunt.com/posts/viewpt-vr180-nano-4k-vr-camera
10/10/2019 12:08:54 PM;https://www.youtube.com/watch?v=myaPXNKgh68;PieceX - Source Code Exchange - PieceX.com;;01:01;Product Hunt;https://www.producthunt.com/posts/piecex-buy-and-sell-source-code
10/10/2019 12:09:38 PM;https://www.youtube.com/watch?v=aqf_CPLRIyI;Introducing HERE XYZ;;01:57;Product Hunt;https://www.producthunt.com/posts/here-studio-xyz-mapathon
10/10/2019 12:09:48 PM;https://www.youtube.com/watch?v=SrZ3a2lFsOk;Sumizeit;;00:31;Product Hunt;https://www.producthunt.com/posts/sumizeit-2
10/10/2019 12:10:10 PM;https://www.youtube.com/watch?v=v7PMAjPcsBI;Canterbury Spreadshhhheets;;00:51;Product Hunt;https://www.producthunt.com/posts/google-spreadsheets-hack-for-rwc
10/10/2019 12:11:52 PM;https://www.youtube.com/watch?v=FxQYngLX0Zs;Trust DNS - unblocks websites and even that;;00:40;Product Hunt;https://www.producthunt.com/posts/trust-dns
10/10/2019 12:12:02 PM;https://www.youtube.com/watch?v=D2CaUanWVIM;Indiegogo Campaign Video-Luft Cube Air Purifier-Eng Sub Title;;01:32;Product Hunt;https://www.producthunt.com/posts/luft-cube
10/10/2019 12:13:20 PM;https://www.youtube.com/watch?v=VKv5rWtV-vI;Nori Carbon Removal Marketplace;;01:30;Product Hunt;https://www.producthunt.com/posts/carbon-removal-market-by-nori
10/10/2019 12:13:29 PM;https://www.youtube.com/watch?v=PrUIOXd9Efk;Gainbuzz Pro App: Local Advertising Made Easy!;;00:50;Product Hunt;https://www.producthunt.com/posts/gainbuzz-pro-media-selling-made-easy
10/10/2019 12:16:41 PM;https://www.youtube.com/watch?v=ijSpXs5t5Vc;New Music and Film Streaming discovery app coming 2020!;;00:22;Product Hunt;https://www.producthunt.com/posts/tuddle-inc
10/11/2019 12:16:41 PM;https://www.youtube.com/watch?v=ogepbzNMvC0;VideoWorkLink -- Stay a well-coordinated team by communicating via live video with a sense of privacy.;;02:02;VideoWorkLink;http://videoworklink.com/
10/12/2019 12:22:10 PM;https://www.youtube.com/watch?v=LtGGsoVCUpE;Gleekr Explainer Video;;00:52;Product Hunt;https://www.producthunt.com/posts/gleekr
10/12/2019 12:24:33 PM;https://www.youtube.com/watch?v=AhfIu9gwSRs;Studydraft - Online Assignment, Thesis, Dissertation, & Academic Help for Students;;00:32;Product Hunt;https://www.producthunt.com/posts/studydraft
10/13/2019 11:07:14 AM;https://www.youtube.com/watch?v=PyX8zqvYuYk;Share & Earn From Your Unboxing Videos.;;01:25;Product Hunt;https://www.producthunt.com/posts/hype-tv-shopping-from-unboxing-videos
10/13/2019 11:08:28 AM;https://www.youtube.com/watch?v=SLYvrwegGWE;What is Marketing Operations Software / Marketing Resource Management (MRM) Software?;;01:15;Product Hunt;https://www.producthunt.com/posts/intelligencebank
10/14/2019 10:50:58 AM;https://www.youtube.com/watch?v=2I2MpZcTiT0;Senuto â€“ what do we do?;;01:21;Product Hunt;https://www.producthunt.com/posts/senuto
10/14/2019 14:07:58 AM;https://www.youtube.com/watch?v=o98KUU6VS4I;Cloudpin â€” Connect in real life, with the people around you. ;;01:10;Betalist;https://betalist.com/startups/cloudpin
10/15/2019 10:58:35 AM;https://www.youtube.com/watch?v=mKYtBG4HA8c;Sidecar Health - How we compare with traditional plans;;00:53;Product Hunt;https://www.producthunt.com/posts/sidecar-health
10/15/2019 11:00:42 AM;https://www.youtube.com/watch?v=LHauY-AVDqA;TradePath Quick Demo;;02:43;Product Hunt;https://www.producthunt.com/posts/tradepath
10/15/2019 11:01:53 AM;https://www.youtube.com/watch?v=805vmJlRfA8;Not My Fault - Fight climate change and biodiversity loss ðŸŒ±;;01:31;Product Hunt;https://www.producthunt.com/posts/not-my-fault
10/15/2019 11:02:53 AM;https://www.youtube.com/watch?v=beGXoMZZzgM;Dossy Explainer with Subtitles;;01:00;Product Hunt;https://www.producthunt.com/posts/dossy-2
10/16/2019 10:44:27 AM;https://www.youtube.com/watch?v=gWVl6VaJ0Fs;SqueezeCMM Overview;;01:37;Product Hunt;https://www.producthunt.com/posts/squeezecmm
10/16/2019 10:44:50 AM;https://www.youtube.com/watch?v=Hh5aVF-62bk;Reshuffle in under a minute;;00:50;Product Hunt;https://www.producthunt.com/posts/reshuffle
10/16/2019 10:45:01 AM;https://www.youtube.com/watch?v=drB7gxXEONA;Rype - Speak Any Language With Confidence From Day 1;;01:46;Product Hunt;https://www.producthunt.com/posts/rype-go-2
10/16/2019 10:45:22 AM;https://www.youtube.com/watch?v=WsdUJ9sM78k;Introducing Nest Wifi;;00:30;Product Hunt;https://www.producthunt.com/posts/nest-wifi
10/16/2019 10:45:33 AM;https://www.youtube.com/watch?v=XaTh42Srgcg;Introducing Nest Mini;;00:30;Product Hunt;https://www.producthunt.com/posts/nest-mini
10/16/2019 10:47:21 AM;https://www.youtube.com/watch?v=Rm1IT1GjJy8;Premium organic t-shirt, 2x thicker 340gr without compromise;;02:34;Product Hunt;https://www.producthunt.com/posts/premium-organic-t-shirt-2x-thicker-340gr
10/17/2019 8:57:34 AM;https://www.youtube.com/watch?v=AZoHJvIL8sc;DynaDomains Demonstration;;02:27;Product Hunt;https://www.producthunt.com/posts/dynadomains
10/17/2019 8:57:47 AM;https://www.youtube.com/watch?v=xzLhhUvr97A;Cherripick Demo;;00:56;Product Hunt;https://www.producthunt.com/posts/cherripick
10/17/2019 8:58:45 AM;https://www.youtube.com/watch?v=v8cLk2W3vY8;Introducing Live Caption, now on Pixel 4;;00:50;Product Hunt;https://www.producthunt.com/posts/live-caption
10/17/2019 8:58:55 AM;https://www.youtube.com/watch?v=5aDHfITGoNg;Workflow Builder: Automate Routine Processes in Slack;;01:32;Product Hunt;https://www.producthunt.com/posts/slack-workflow-builder
10/20/2019 11:26:50 AM;https://www.youtube.com/watch?v=wngr0_7NWSs;TrustME -Application;;01:49;Product Hunt;https://www.producthunt.com/posts/blockchain-for-ads-site-trustme
10/20/2019 11:27:42 AM;https://www.youtube.com/watch?v=F6ig78esEdo;Brush Lee the 10-Seconds Toothbrush;;02:26;Product Hunt;https://www.producthunt.com/posts/clean-your-teeth-in-just-10-second
10/20/2019 11:29:40 AM;https://www.youtube.com/watch?v=ZYMjhKMpNXk;Portal-ble: Intuitive Free-hand Manipulation in Unbounded Smartphone-based Augmented Reality;;02:16;Product Hunt;https://www.producthunt.com/posts/portal-ble
10/20/2019 11:31:06 AM;https://www.youtube.com/watch?v=5aDHfITGoNg;Workflow Builder: Automate Routine Processes in Slack;;01:32;Product Hunt;https://www.producthunt.com/posts/slack-workflow-builder-2
10/22/2019 10:48:13 AM;https://www.youtube.com/watch?v=Q5YUeM1I66A;Unlock your possibilities with the NEW I-Series;;01:12;Product Hunt;https://www.producthunt.com/posts/the-new-tobii-dynavox-i-series
10/22/2019 10:48:45 AM;https://www.youtube.com/watch?v=y1p0pFFbH8M;Get the MyShake earthquake early warning app!;;02:06;Product Hunt;https://www.producthunt.com/posts/myshake-app
10/22/2019 10:50:04 AM;https://www.youtube.com/watch?v=tmKd6rgtqpM;WhatsAround;;01:20;Product Hunt;https://www.producthunt.com/posts/whatsaround
10/22/2019 10:50:16 AM;https://www.youtube.com/watch?v=BpYKbZNxsMg;Testicuzzi;;01:10;Product Hunt;https://www.producthunt.com/posts/testicuzzi
10/22/2019 10:52:32 AM;https://www.youtube.com/watch?v=33qED6w9CdA;Movepal - Movers On Demand - IOS & Android App;;01:14;Product Hunt;https://www.producthunt.com/posts/movepal-melbourne-au
10/23/2019 9:47:48 AM;https://www.youtube.com/watch?v=dKmoubR-nVg;Firefox Privacy Protections: Letting You Track the Trackers;;01:11;Product Hunt;https://www.producthunt.com/posts/firefox-70
10/23/2019 9:48:53 AM;https://www.youtube.com/watch?v=pDK5p5KojR8;ThreatCop - A People Risk Assessment And Cyber Awareness Tool By Kratikal;;01:56;Product Hunt;https://www.producthunt.com/posts/threatcop
10/23/2019 9:49:19 AM;https://www.youtube.com/watch?v=LX_fRSh1zzk;Most versatile translation earbuds with real-time translation;;01:02;Product Hunt;https://www.producthunt.com/posts/mymanu-clik-s
10/23/2019 9:52:52 AM;https://www.youtube.com/watch?v=Wpwgat54KXg;Newsphere;;02:29;Product Hunt;https://www.producthunt.com/posts/newsphere
10/24/2019 10:12:43 AM;https://www.youtube.com/watch?v=MWhzK0f0wAc;Don't Use Thimble (When You're Not Working) | Thimble;;00:30;Product Hunt;https://www.producthunt.com/posts/thimble-small-business-insurance
10/24/2019 10:13:48 AM;https://www.youtube.com/watch?v=XxSv8Ha7UjQ;Why CircleLoop? The UK built modern-day phone system;;02:17;Product Hunt;https://www.producthunt.com/posts/circleloop
10/24/2019 10:13:59 AM;https://www.youtube.com/watch?v=kvH1cF0Dxew;How to Manage Interior Design Projects. For Studio and Individuals;;01:43;Product Hunt;https://www.producthunt.com/posts/binary-management
10/24/2019 10:15:04 AM;https://www.youtube.com/watch?v=tQR0LGhN0uQ;Identity Verification with Veriff;;01:36;Product Hunt;https://www.producthunt.com/posts/veriff-station
10/24/2019 10:15:40 AM;https://www.youtube.com/watch?v=Qfg_dnlN7rI;Mailist 2 is here!;;01:14;Product Hunt;https://www.producthunt.com/posts/mailist-2
10/24/2019 10:15:51 AM;https://www.youtube.com/watch?v=YnwtO48UYAU;Atlas: How to run 1000s of reproducible machine learning experiments concurrently;;02:08;Product Hunt;https://www.producthunt.com/posts/foundations-atlas
10/24/2019 10:16:13 AM;https://www.youtube.com/watch?v=2qlPN5DI2Bs;Lasso Screen Capture for software and website projects;;00:36;Product Hunt;https://www.producthunt.com/posts/lasso-screen-capture-for-web-projects
10/25/2019 9:15:06 AM;https://www.youtube.com/watch?v=DD8FmH2Hr74;Sharesight - Simply the best portfolio tracker for DIY investors;;01:37;Product Hunt;https://www.producthunt.com/posts/sharesight
10/25/2019 9:17:39 AM;https://www.youtube.com/watch?v=rt5LY5TeTVQ;Introducing Digital Wellbeing Experiments;;01:28;Product Hunt;https://www.producthunt.com/posts/digital-wellbeing-experiments-by-google
10/25/2019 9:17:51 AM;https://www.youtube.com/watch?v=ZIbOr_dGeqI;We Flip - A Digital Wellbeing Experiment;;00:33;Product Hunt;https://www.producthunt.com/posts/digital-wellbeing-experiments-by-google
10/25/2019 9:18:08 AM;https://www.youtube.com/watch?v=Lcjl3exInWk;Post Box - A Digital Wellbeing Experiment;;00:30;Product Hunt;https://www.producthunt.com/posts/digital-wellbeing-experiments-by-google
10/25/2019 9:18:22 AM;https://www.youtube.com/watch?v=Ono3SKps3Bs;Morph - A Digital Wellbeing Experiment;;00:36;Product Hunt;https://www.producthunt.com/posts/digital-wellbeing-experiments-by-google
10/25/2019 9:18:35 AM;https://www.youtube.com/watch?v=hgKRL4-ADO0;Desert Island - A Digital Wellbeing Experiment;;00:34;Product Hunt;https://www.producthunt.com/posts/digital-wellbeing-experiments-by-google
10/25/2019 9:19:03 AM;https://www.youtube.com/watch?v=zrc7p4A5l0A;SPxThrone - Sensorial Gaming Chair;;01:38;Product Hunt;https://www.producthunt.com/posts/spxthrone-vibrational-gaming-chair
10/25/2019 9:22:33 AM;https://www.youtube.com/watch?v=Bkp8AkXZ_Ng;Portico - your ultimate travel organzier;;01:26;Product Hunt;https://www.producthunt.com/posts/portico
10/25/2019 9:26:48 AM;https://www.youtube.com/watch?v=y4M16W8SW6Q;Uniteable Introduction;;01:09;Product Hunt;https://www.producthunt.com/posts/uniteable-2
10/27/2019 9:26:48 AM;https://www.youtube.com/watch?v=ogepbzNMvC0;VideoWorkLink -- Stay a well-coordinated team by communicating via live video with a sense of privacy.;;02:02;VideoWorkLink;http://videoworklink.com/
10/28/2019 9:26:48 AM;https://www.youtube.com/watch?v=5aStqLsn5T0;Fliplet -- The smart way to create custom apps;;02:02;MAQTOOB;https://maqtoob.com/tool/fliplet
10/28/2019 9:27:48 AM;https://www.youtube.com/watch?v=o4rabD5rOdw;Solastis CRM -- Ultra Simple CRM Software;;01:22;Betalist;https://betalist.com/startups/solastis-crm
10/28/2019 9:28:48 AM;https://www.youtube.com/watch?v=p57lEXRT0Sk;ZoomAdmin -- Powerful Server Control Panel ;;02:25;Betalist;https://betalist.com/startups/zoomadmin
10/28/2019 9:29:48 AM;https://www.youtube.com/watch?v=ltsro8NNh2Y;ASK by Cuddle.ai -- The best natural language question and answer system for your enterpirse;;01:35;Betalist;https://betalist.com/startups/ask-by-cuddle-ai
10/29/2019 9:47:01 AM;https://www.youtube.com/watch?v=4iOBqKCF1WA;What is Hello ZUM?;;02:27;Product Hunt;https://www.producthunt.com/posts/hello-zum
10/29/2019 9:47:15 AM;https://www.youtube.com/watch?v=BWa04MQOMeg;Introducing BizSwipe App;;00:58;Product Hunt;https://www.producthunt.com/posts/bizswipe
10/29/2019 9:47:41 AM;https://www.youtube.com/watch?v=vLofbyBN46A;Backfire mini electric skateboard Powerful and smooth brake system;;02:23;Product Hunt;https://www.producthunt.com/posts/backfire-mini-carbon-fiber
10/29/2019 9:47:53 AM;https://www.youtube.com/watch?v=uTTVjHoH734;Lightform LF2 and LFC | Design Tools for Projection;;02:11;Product Hunt;https://www.producthunt.com/posts/lightform-lf2
10/30/2019 9:16:49 AM;https://www.youtube.com/watch?v=QwMITPMriyo;Introducing Filâ‚‚r- sustainable water filters that are compatible with your existing water pitcher.;;01:44;Product Hunt;https://www.producthunt.com/posts/fil2r-reusable-water-filter-case
10/30/2019 9:17:01 AM;https://www.youtube.com/watch?v=vMxaQHcJ9mQ;GetEmails, powerful Email-Based Retargeting software for savvy Marketers and Business Owners.;;02:40;Product Hunt;https://www.producthunt.com/posts/getemails-com
10/30/2019 9:17:25 AM;https://www.youtube.com/watch?v=NoRU2ZA6iJg;Social Proof & Urgency - Nextsale;;00:50;Product Hunt;https://www.producthunt.com/posts/nextsale-2-0
10/30/2019 9:18:38 AM;https://www.youtube.com/watch?v=yUEGdb56TJA;ProcessKit - Process-Driven Project Management Software;;01:44;Product Hunt;https://www.producthunt.com/posts/processkit
10/30/2019 9:19:00 AM;https://www.youtube.com/watch?v=BUOGcMwQ6Sc;StoryChief;;01:23;Product Hunt;https://www.producthunt.com/posts/storychief-v1-1
10/30/2019 9:19:22 AM;https://www.youtube.com/watch?v=GBBuFuHAxoY;Too Busy to Trade on Your Own? Discover Copy Trading on eToroâ„¢;;01:29;Product Hunt;https://www.producthunt.com/posts/etoro-copytrader
10/30/2019 9:19:32 AM;https://www.youtube.com/watch?v=ENoajbVjEOY;Peak Money Savings App;;00:30;Product Hunt;https://www.producthunt.com/posts/peak-money
10/30/2019 9:20:17 AM;https://www.youtube.com/watch?v=vNGeMknwu4U;Ecomfit - All In One Push Notifications, Exit Pop-up & Actionable Report;;01:30;Product Hunt;https://www.producthunt.com/posts/ecomfit-empower-ecommerce-business
10/30/2019 9:20:29 AM;https://www.youtube.com/watch?v=12k3Q4MpK_c;Translate Your Website With Weglot;;01:16;Product Hunt;https://www.producthunt.com/posts/weglot-2
10/30/2019 9:20:40 AM;https://www.youtube.com/watch?v=C7QaUE3s5KQ;SocialBook YouTube Builder;;01:58;Product Hunt;https://www.producthunt.com/posts/socialbook-youtube-builder
10/31/2019 10:17:33 AM;https://www.youtube.com/watch?v=lHUGE72GGHQ;How Tipalink works;;00:45;Product Hunt;https://www.producthunt.com/posts/tipalink
10/31/2019 10:19:13 AM;https://www.youtube.com/watch?v=it-SHUsgRaM;ShopBio Launch Video;;01:12;Product Hunt;https://www.producthunt.com/posts/shopbio
10/31/2019 10:19:24 AM;https://www.youtube.com/watch?v=C3aICrIBUE0;PIQABRICK â€“ Identify any brick in the blink of an eye;;02:05;Product Hunt;https://www.producthunt.com/posts/piqabrick-kickstarter
10/31/2019 10:19:46 AM;https://www.youtube.com/watch?v=J33Z9ulB_-g;Potential X Indiegogo Video;;02:46;Product Hunt;https://www.producthunt.com/posts/focusbuds
10/31/2019 10:20:28 AM;https://www.youtube.com/watch?v=dknbl1k6Ddc;Get Started With Printful And Wix;;00:52;Product Hunt;https://www.producthunt.com/posts/printful-integration-with-wix
10/31/2019 10:23:29 AM;https://www.youtube.com/watch?v=RPeSwXjKQ2E;Introducing GoFindMe: A Real-time GPS Tracker Works Without Cell Service;;02:38;Product Hunt;https://www.producthunt.com/posts/gofindme
11/1/2019 12:02:45 PM;https://www.youtube.com/watch?v=GXcgdRVWbfs;GigeNET''s DDoS Protection;;02:00;Product Hunt;https://www.producthunt.com/posts/gigenet
11/1/2019 12:05:30 PM;https://www.youtube.com/watch?v=TCqaxNQOlTQ;The Game Changer. Air Quad, Ideal Charging Solution for Apple Fans;;02:50;Product Hunt;https://www.producthunt.com/posts/air-quad
11/1/2019 12:05:41 PM;https://www.youtube.com/watch?v=rhe5C1LwGlo;DoBox Pro - Turn your iPad Pro into a laptop;;01:29;Product Hunt;https://www.producthunt.com/posts/dobox-pro
11/1/2019 12:06:34 PM;https://www.youtube.com/watch?v=j4LDHuV3ysA;Bespoke - trailer;;00:43;Product Hunt;https://www.producthunt.com/posts/bespoke-2
11/1/2019 12:07:10 PM;https://www.youtube.com/watch?v=VvG8laXV9kA;Tooyoo - simplified death administration process;;00:35;Product Hunt;https://www.producthunt.com/posts/tooyoo
11/1/2019 12:07:22 PM;https://www.youtube.com/watch?v=vvlRklx_6WY;tooyoo.ch - presentation video V1.0 - EN;;01:20;Product Hunt;https://www.producthunt.com/posts/tooyoo
11/1/2019 12:07:46 PM;https://www.youtube.com/watch?v=Gls7beGW77c;A powerful CMS for digital publishers - Bold from Quintype;;02:15;Product Hunt;https://www.producthunt.com/posts/bold-cms
11/2/2019 10:25:20 AM;https://www.youtube.com/watch?v=th6LM15-57o;BeBird A2: World Safest Ear Otoscope;;01:28;Product Hunt;"https://www.producthunt.com/r/p/171551?ref=home&amp;promo_id=7058"
11/2/2019 10:27:49 AM;https://www.youtube.com/watch?v=mw0gMMtoP0g;Hexometer Hygiene Attendant Ad #2;;00:37;Product Hunt;https://www.producthunt.com/posts/hexometer-2
11/2/2019 10:27:59 AM;https://www.youtube.com/watch?v=g5ZTOk5S4PQ;trustedd.com - Education and Collaboration reimagined.;;01:43;Product Hunt;https://www.producthunt.com/posts/trustedd
11/2/2019 10:28:51 AM;https://www.youtube.com/watch?v=YKRhQj9HXno;Best Travel Adventure Dating App | Video Dates & Group Trips | Discover Fairytrail;;01:37;Product Hunt;https://www.producthunt.com/posts/fairytrail
11/3/2019 11:29:07 AM;https://www.youtube.com/watch?v=l26gavcavPE;Biscoint - Find and compare the best bitcoin prices!;;00:30;Product Hunt;https://www.producthunt.com/posts/biscoint
11/3/2019 11:30:07 AM;https://www.youtube.com/watch?v=tD4XyccOE14;BRÃœ â€“ Perfect Tea At The Push Of A Button;;02:18;Product Hunt;https://www.producthunt.com/posts/bru
11/4/2019 11:30:07 AM;https://www.youtube.com/watch?v=ogepbzNMvC0;VideoWorkLink -- Stay a well-coordinated team by communicating via live video with a sense of privacy.;;02:02;VideoWorkLink;http://videoworklink.com/
11/5/2019 12:19:44 PM;https://www.youtube.com/watch?v=5eu3AB1ktLk;Welcome to TxtCart;;01:04;Product Hunt;https://www.producthunt.com/posts/txtcart
11/5/2019 12:19:55 PM;https://www.youtube.com/watch?v=-lsn-AZ0tHs;Gifthy.io | Transforming products into beautiful and emotional digital gifts;;01:42;Product Hunt;https://www.producthunt.com/posts/gifthy-io
11/5/2019 12:20:15 PM;https://www.youtube.com/watch?v=J5i7h4Uzju4;Engage customers with Microsoft's Power Virtual Agents;;01:26;Product Hunt;https://www.producthunt.com/posts/microsoft-power-virtual-agents
11/5/2019 12:21:30 PM;https://www.youtube.com/watch?v=dmNVXAccDG4;XpertFinder at www.xpertfinder.net;;00:46;Product Hunt;https://www.producthunt.com/posts/xpertfinder
11/5/2019 12:22:35 PM;https://www.youtube.com/watch?v=GAoC4xtG3X4;Dubler Studio Kit: In 60 seconds;;00:59;Product Hunt;https://www.producthunt.com/posts/dubler-studio-kit-2
11/5/2019 12:24:14 PM;https://www.youtube.com/watch?v=sA2OKUax3fI;Learn to play music faster with PlayTunes App;;01:01;Product Hunt;https://www.producthunt.com/posts/playtunes-app
11/6/2019 10:37:25 AM;https://www.youtube.com/watch?v=fOY3rmYep0Q;SUNNYSIDE LA;;03:16;Product Hunt;https://www.producthunt.com/posts/the-worlds-first-self-repairing-lenses
11/6/2019 10:37:37 AM;https://www.youtube.com/watch?v=H7bAI5j9dEQ;Pigeon Transit Launches in 5 New U.S. Cities: SF, Chicago, Boston, DC and LA!;;01:01;Product Hunt;https://www.producthunt.com/posts/pigeon-2-0
11/6/2019 10:37:49 AM;https://www.youtube.com/watch?v=TAazQBizm9M;Chestnut - How to analyze your wildfire risk in under a minute?;;01:23;Product Hunt;https://www.producthunt.com/posts/chestnut-3
11/6/2019 10:38:12 AM;https://www.youtube.com/watch?v=o4rzsnu-XUE;Human customer support for your Shopify, live chat and ticketing;;00:56;Product Hunt;https://www.producthunt.com/posts/helpcube-for-shopify
11/6/2019 10:38:24 AM;https://www.youtube.com/watch?v=p4hzxkyn5os;Introducing: Dropbox and DocSend Partnership;;00:36;Product Hunt;https://www.producthunt.com/posts/docsend-dropbox-integration
11/6/2019 10:40:12 AM;https://www.youtube.com/watch?v=SIY8XafyzEw;The World of Workforce;;01:32;Product Hunt;https://www.producthunt.com/posts/deputy-2
11/6/2019 10:41:37 AM;https://www.youtube.com/watch?v=MsOjuEcRd8E;ROYBI: Worldâ€™s 1st smart toy to teach up to 7 languages;;01:40;Product Hunt;https://www.producthunt.com/posts/roybi
11/7/2019 10:28:53 AM;https://www.youtube.com/watch?v=9nEa21XNSik;IHMC's Oculus Quest Shared Space VR environment;;02:07;Product Hunt;https://www.producthunt.com/posts/arena-by-vrlab
11/7/2019 10:29:45 AM;https://www.youtube.com/watch?v=LTiV6sPtmwk;Memorigi: Todo Lists, Tasks, Habits, and Reminders;;00:50;Product Hunt;https://www.producthunt.com/posts/memorigi-todo-lists-tasks-reminders
11/7/2019 10:29:57 AM;https://www.youtube.com/watch?v=ryu0NMduvRU;Ghostery Midnight;;02:22;Product Hunt;https://www.producthunt.com/posts/ghostery-midnight
11/7/2019 10:31:15 AM;https://www.youtube.com/watch?v=_PJR0ZZjxGY;Autotalks - V2X today and tomorrow;;02:54;Product Hunt;https://www.producthunt.com/posts/pluton2
11/7/2019 10:31:49 AM;https://www.youtube.com/watch?v=BUOGcMwQ6Sc;StoryChief;;01:23;Product Hunt;https://www.producthunt.com/posts/storychief-content-management
11/7/2019 10:32:45 AM;https://www.youtube.com/watch?v=eRa6SlK3Gcg;Efortles - Free All-inclusive Business Suite;;01:47;Product Hunt;https://www.producthunt.com/posts/efortles-free-cpa-software-for-business
11/7/2019 10:32:56 AM;https://www.youtube.com/watch?v=EMVHOkXVWKk;Tines Advanced Security Automation Platform | Overview;;01:17;Product Hunt;https://www.producthunt.com/posts/tines
11/7/2019 10:33:05 AM;https://www.youtube.com/watch?v=YVdzB33yNUg;Cobwebs Technologies - AI-Powered Web Intelligence;;01:48;Product Hunt;https://www.producthunt.com/posts/cobwebs-technologies
11/7/2019 10:33:28 AM;https://www.youtube.com/watch?v=vNGeMknwu4U;Ecomfit - All In One Push Notifications, Exit Pop-up & Actionable Report;;01:30;Product Hunt;https://www.producthunt.com/posts/ecomfit-bf5e1351-d55c-4d59-8e9d-f83c7e641dd2
11/7/2019 10:34:21 AM;https://www.youtube.com/watch?v=490V4DXAzD8;Firewalla Gold: Next Generation Gigabit Cyber Security;;02:10;Product Hunt;https://www.producthunt.com/posts/firewalla-gold
11/7/2019 10:34:32 AM;https://www.youtube.com/watch?v=6Dh0CKwSgSQ;Square Marketing Overview;;01:23;Product Hunt;https://www.producthunt.com/posts/square-marketing
11/8/2019 11:18:59 AM;https://www.youtube.com/watch?v=3ygXPp5ksqQ;JSdevs - Hire Experienced Software Developers;;01:08;Product Hunt;https://www.producthunt.com/posts/jsdevs
11/8/2019 11:19:17 AM;https://www.youtube.com/watch?v=T2qQGqZxkD0;Teachable Machine 2.0: Making AI easier for everyone;;02:08;Product Hunt;https://www.producthunt.com/posts/teachable-machine-3
11/8/2019 11:19:35 AM;https://www.youtube.com/watch?v=7qDZ1uyDKTI;Introducing: Anchor Trailers;;00:56;Product Hunt;https://www.producthunt.com/posts/anchor-trailers
11/8/2019 11:20:24 AM;https://www.youtube.com/watch?v=-djyepzx5Tc;ProspectIn - LinkedIn Marketing Automation Software;;01:24;Product Hunt;https://www.producthunt.com/posts/prospectin
11/8/2019 11:20:59 AM;https://www.youtube.com/watch?v=0Qgo13Brpn4;peopleHum - the people platform. Hire Right, Engage Right, Nurture right for better business results;;00:52;Product Hunt;https://www.producthunt.com/posts/peoplehum
11/8/2019 11:22:00 AM;https://www.youtube.com/watch?v=e36PhjS5Lhw;ReSnap Wireless Battery That Snaps To Your Phone;;01:30;Product Hunt;https://www.producthunt.com/posts/resnap-2
11/8/2019 11:23:00 AM;https://www.youtube.com/watch?v=E0mWXa8VQ1U;CoWop - Remote CoWorking Members' Club;;01:59;Product Hunt;https://www.producthunt.com/posts/cowop
11/8/2019 11:23:20 AM;https://www.youtube.com/watch?v=QCS_dIxo71A;Gold Fig;;01:15;Product Hunt;https://www.producthunt.com/posts/gold-fig-2
11/8/2019 11:23:40 AM;https://www.youtube.com/watch?v=rrH3tx4rkCQ;ilumee: 4K LED Projector with Ultimate Short Throw Rate;;01:57;Product Hunt;https://www.producthunt.com/posts/ilumee-4k-shorthrow-led-projector
11/8/2019 11:24:26 AM;https://www.youtube.com/watch?v=fZVrlfnP2TA;SearchLock Protects Your Online Search Privacy;;01:14;Product Hunt;https://www.producthunt.com/posts/searchlock-2
11/8/2019 11:24:38 AM;https://www.youtube.com/watch?v=AOQHiBvARS0;Welcome to Airalo!;;00:38;Product Hunt;https://www.producthunt.com/posts/airalo-esim-store
11/9/2019 11:37:24 AM;https://www.youtube.com/watch?v=V1rWGkj3Px8;How does CCPA Toll Free Work?;;01:54;Product Hunt;https://www.producthunt.com/posts/ccpa-toll-free-866-i-opt-out
11/9/2019 11:38:17 AM;https://www.youtube.com/watch?v=oy14JDv4fsw;Passwordless Social Login by Dimension Software;;01:30;Product Hunt;https://www.producthunt.com/posts/shopify-passwordless-login
11/9/2019 11:38:44 AM;https://www.youtube.com/watch?v=eXxucYR3QyA;Test and treat UTIs. From your smartphone.;;02:34;Product Hunt;https://www.producthunt.com/posts/scanwell-health-uti-test
11/9/2019 11:41:12 AM;https://www.youtube.com/watch?v=nVknoPAxGAY;Shot on ShiftCam | ShiftCam Multi Lens Case for iPhone 11 Series â€” Indiegogo Video;;03:24;Product Hunt;https://www.producthunt.com/posts/shiftcam-multi-lens-case
11/9/2019 11:42:16 AM;https://www.youtube.com/watch?v=5eI9A65fsn0;Timy - Best way to send scheduled messages in Slack;;00:59;Product Hunt;https://www.producthunt.com/posts/timy
11/10/2019 11:02:33 AM;https://www.youtube.com/watch?v=RCBCPDUz-S0;Introduction to FuelCred;;00:32;Product Hunt;https://www.producthunt.com/posts/fuelcred
11/10/2019 11:03:44 AM;https://www.youtube.com/watch?v=kEQ3zAjjVmw;NeoRhythm - Neurostimulation Headband;;02:16;Product Hunt;https://www.producthunt.com/posts/neorhythm
11/11/2019 11:04:11 AM;https://www.youtube.com/watch?v=eRa6SlK3Gcg;Efortles - Free All-inclusive Business Suite;;01:47;Product Hunt;https://www.producthunt.com/posts/efortles-free-cpa-service-for-business
11/11/2019 11:04:50 AM;https://www.youtube.com/watch?v=Z27ktbVuP_E;LivMo Explained;;00:59;Product Hunt;https://www.producthunt.com/posts/livmo
11/12/2019 10:47:44 AM;https://www.youtube.com/watch?v=ehC8t6w52Kg;This is Karma;;00:53;Product Hunt;https://www.producthunt.com/posts/karma-5
11/12/2019 10:49:48 AM;https://www.youtube.com/watch?v=_GuAhT1hgtw;B2B furniture ordering e-catalog for furniture shops and manufacturers - GFG;;02:32;Product Hunt;https://www.producthunt.com/posts/gfg
11/12/2019 10:50:16 AM;https://www.youtube.com/watch?v=szZSovcoVBA;Streamline VR project development and integration with Varwin;;01:28;Product Hunt;https://www.producthunt.com/posts/varwin-rms-reality-management-system
11/12/2019 10:50:30 AM;https://www.youtube.com/watch?v=GByzzbcXY-U;Foyr Neo - The Worldâ€™s Leading Interior Design software;;01:45;Product Hunt;https://www.producthunt.com/posts/foyr-neo
11/12/2019 10:50:58 AM;https://www.youtube.com/watch?v=ERQT0qHo1H8;IMILAB EC2: Cordless AI Security Camera;;02:37;Product Hunt;https://www.producthunt.com/posts/imilab-ec2
11/13/2019 8:44:13 AM;https://www.youtube.com/watch?v=5_fmmRsMo7Y;Introducing Endpoint;;01:47;Product Hunt;https://www.producthunt.com/posts/endpoint
11/13/2019 8:44:26 AM;https://www.youtube.com/watch?v=zYywJifuNNw;How To Use LivenPay;;00:51;Product Hunt;https://www.producthunt.com/posts/liven
11/13/2019 8:44:38 AM;https://www.youtube.com/watch?v=X2-aDwYspMU;How does CallJoy work?;;01:52;Product Hunt;https://www.producthunt.com/posts/calljoy-2
11/13/2019 8:44:50 AM;https://www.youtube.com/watch?v=qicS8eZh-cs;Introducing Adalo | Create Your Own App Without Code;;02:20;Product Hunt;https://www.producthunt.com/posts/adalo
11/13/2019 8:45:01 AM;https://www.youtube.com/watch?v=Y--P_3yM27s;Flow Immersive - Magic Leap and Editor Launch Announcement;;01:01;Product Hunt;https://www.producthunt.com/posts/flow-immersive
11/13/2019 8:45:45 AM;https://www.youtube.com/watch?v=aDUIxdsoVGo;Socital Intro Video;;02:00;Product Hunt;https://www.producthunt.com/posts/socital
11/13/2019 8:46:45 AM;https://www.youtube.com/watch?v=28BH8VQIREQ;Ring N Bring - The Smart Service Bell;;02:01;Product Hunt;https://www.producthunt.com/posts/ring-n-bring
11/13/2019 8:48:28 AM;https://www.youtube.com/watch?v=c4cOa2cgOVo;Mochi Robot: Lego-Compatible, Screenless Coding for Ages 3-6;;01:51;Product Hunt;https://www.producthunt.com/posts/mochi-robot
11/13/2019 8:48:39 AM;https://www.youtube.com/watch?v=-xmiQ1_35_s;Remove backgrounds instantly with Trace â€“ Sticker Mule;;00:31;Product Hunt;https://www.producthunt.com/posts/trace-by-sticker-mule
11/14/2019 12:33:51 PM;https://www.youtube.com/watch?v=iK79dwcgqlA;Introducing Prezi Video;;00:36;Product Hunt;https://www.producthunt.com/posts/prezi-video
11/14/2019 12:34:55 PM;https://www.youtube.com/watch?v=yQaE59sN0Bc;How to start mining with Kryptex?;;01:12;Product Hunt;https://www.producthunt.com/posts/kryptex
11/14/2019 12:35:47 PM;https://www.youtube.com/watch?v=bjx_RQuM7Gw;Tiger&Rose, the best TWS earbuds reinvented through fashion!;;01:43;Product Hunt;https://www.producthunt.com/posts/tiger-rose
11/14/2019 12:36:13 PM;https://www.youtube.com/watch?v=ApmLq5B7KVg;Search by Color for Decor with Vishion;;01:40;Product Hunt;https://www.producthunt.com/posts/vishion
11/14/2019 12:36:52 PM;https://www.youtube.com/watch?v=3YO6-ST3FwU;Original 4 Sure;;00:57;Product Hunt;https://www.producthunt.com/posts/original4sure
11/14/2019 12:37:05 PM;https://www.youtube.com/watch?v=t5kqboNwR5c;Algopix - Who are we?;;01:20;Product Hunt;https://www.producthunt.com/posts/algopix-2
11/14/2019 12:37:18 PM;https://www.youtube.com/watch?v=GiTUSCldyfE;Jamie Magee x Renovate;;01:16;Product Hunt;https://www.producthunt.com/posts/whitesource-renovate
11/14/2019 12:37:42 PM;https://www.youtube.com/watch?v=kLiLOkzLetE;This Is Brave;;01:42;Product Hunt;https://www.producthunt.com/posts/brave-3
11/14/2019 12:38:20 PM;https://www.youtube.com/watch?v=IIVsKCGysz8;What is Cardify?;;00:49;Product Hunt;https://www.producthunt.com/posts/cardify-essential
11/14/2019 12:38:33 PM;https://www.youtube.com/watch?v=fViyV8XS68k;Morph Indiegogo Campaign Video;;02:08;Product Hunt;https://www.producthunt.com/posts/morph-4
11/14/2019 12:38:47 PM;https://www.youtube.com/watch?v=nyeam3fSgZc;Findster Home: Track your pets' location 24/7 from anywhere!;;02:41;Product Hunt;https://www.producthunt.com/posts/findster-home
11/15/2019 6:47:23 AM;https://www.youtube.com/watch?v=Yx3Z733ElgI;What is the Snowplow data pipeline and how it works;;01:33;Product Hunt;https://www.producthunt.com/posts/snowcatcloud
11/15/2019 6:48:33 AM;https://www.youtube.com/watch?v=0h2cpJGspDw;Rezi - Developing Smarter Resumes;;01:08;Product Hunt;https://www.producthunt.com/posts/rezi
11/15/2019 6:51:24 AM;https://www.youtube.com/watch?v=AW4FFofzoro;GenLots;;02:48;Product Hunt;https://www.producthunt.com/posts/genlots
11/15/2019 6:52:11 AM;https://www.youtube.com/watch?v=UkZ6Uhvc9PY;Office Hero Planner | Undated Daily Productivity Planner To Measure What No Activity Tracker Can;;00:55;Product Hunt;https://www.producthunt.com/posts/office-hero-planner
11/15/2019 7:00:00 AM;https://www.youtube.com/watch?v=2Glsf89WQ5w;An introduction to a Meltano, a data analysis framework to help streamline the data lifecycle workflow. ;;01:49;Meltano;https://www.meltano.com/
11/16/2019 5:22:35 AM;https://www.youtube.com/watch?v=ZbWFBJf6a8E;What is Worthix?;;02:18;Product Hunt;https://www.producthunt.com/posts/worthix
11/16/2019 5:22:48 AM;https://www.youtube.com/watch?v=DHf2CcJ7wiM;Xerall X-TANKCOPTER | Awesome Flying Tank Drone;;02:23;Product Hunt;https://www.producthunt.com/posts/xerall-x-tankcopter
11/16/2019 5:23:18 AM;https://www.youtube.com/watch?v=2G-Bhrc_wVI;Matchmade, the leading influencer marketing platform;;01:24;Product Hunt;https://www.producthunt.com/posts/matchmade-2
11/16/2019 5:24:56 AM;https://www.youtube.com/watch?v=6WN7lgbLezo;Pathfinder Explainer;;01:00;Product Hunt;https://www.producthunt.com/posts/pathfinder-for-shopify
11/16/2019 5:25:07 AM;https://www.youtube.com/watch?v=9-uSF8gXkEg;Business Payments Sync App explainer;;02:14;Product Hunt;https://www.producthunt.com/posts/business-payments
11/17/2019 11:39:28 AM;https://www.youtube.com/watch?v=G4J0pfepQJc;Candle Apparel: rechargeable, battery-powered heated gloves designed specifically for the city, yet warm enough for the mountains.;;03:12;Product Hunt;https://www.producthunt.com/posts/candle
11/18/2019 1:20:00 PM;https://www.youtube.com/watch?v=xt_MyrjG9kw;LyveBee â€“ Empower individuals to help others in need by enabling them to share their knowledge, passions, hobbies and life experiences.;;02:05;Product Hunt;https://www.producthunt.com/posts/lyvebee
11/18/2019 1:20:46 PM;https://www.youtube.com/watch?v=aBpSziExmA8;Worn Wear ReCrafted | These Are Clothes Made From Other Clothes;;03:44;Product Hunt;https://www.producthunt.com/posts/recrafted-by-patagonia
11/18/2019 1:20:59 PM;https://www.youtube.com/watch?v=WS-c3X-H13Q;Chat Anywhere Chrome Extension;;00:36;Product Hunt;https://www.producthunt.com/posts/same-page
11/18/2019 1:21:11 PM;https://www.youtube.com/watch?v=8jEJ-4KfCTg;BoltHub Pro: Worldâ€™s first invisible USB-C Hub for MacBook & iPad;;01:32;Product Hunt;https://www.producthunt.com/posts/bolthub-pro
11/18/2019 1:21:21 PM;https://www.youtube.com/watch?v=hxXh_U0BTIk;aBoard - a meeting facilitator: someone to keep an eye on the timing, someone who helps to focus on the meeting objectives, assign the points across participants and share them easily !;;01:04;Product Hunt;https://www.producthunt.com/posts/aboard-2
11/19/2019 10:52:10 AM;https://www.youtube.com/watch?v=P7hUoKLBZA8;Funnelfly Platform Overview | Growth Automation Software for Startups;;02:08;Product Hunt;https://www.producthunt.com/posts/funnelfly
11/19/2019 10:52:55 AM;https://www.youtube.com/watch?v=-ayqyXP-ImA;The Monarch Wallet;;03:51;Product Hunt;https://www.producthunt.com/posts/monarch-wallet
11/19/2019 10:55:42 AM;https://www.youtube.com/watch?v=tGJ2mkefHB0;The Tycho Puzzle;;02:05;Product Hunt;https://www.producthunt.com/posts/the-tycho-puzzle
11/19/2019 10:56:42 AM;https://www.youtube.com/watch?v=W4WuxlegjH4;GrepMed â€“ Clinically relevant medical images;;01:09;SideProjects.Net;https://sideprojects.net/posts/uew3rbhCrD243c6zY/grepmed
11/19/2019 10:57:42 AM;https://www.youtube.com/watch?v=uixwcm7vOF4;Pipefy â€“ Workflow & Process Management for Startups;;01:30;MAQTOOB;https://maqtoob.com/tool/pipefy
